0.044321,0.031231,0.034406,0.036635,0.033296,0.036054,0.039318,0.033446,0.035125,0.035038
0.045089,0.031996,0.035241,0.037336,0.034057,0.036782,0.040102,0.03421,0.035789,0.03575
0.0486,0.03552,0.038947,0.040571,0.03755,0.040064,0.043677,0.037706,0.038879,0.039047
0.054552,0.04153,0.045041,0.046106,0.043488,0.045554,0.049713,0.043633,0.044214,0.044698
0.061777,0.048864,0.052258,0.052892,0.050719,0.052159,0.057023,0.050832,0.050806,0.051631
0.069249,0.05648,0.059583,0.059979,0.058219,0.05896,0.064574,0.058286,0.057734,0.058868
0.0763,0.063685,0.066408,0.066729,0.065317,0.065382,0.071702,0.065331,0.064366,0.06575
0.082577,0.070107,0.072448,0.072795,0.071655,0.071133,0.07806,0.071617,0.070344,0.071915
0.087948,0.0756,0.077618,0.078034,0.077094,0.07611,0.083522,0.07701,0.075511,0.077214
0.092413,0.080157,0.081945,0.082429,0.081631,0.080317,0.088089,0.08151,0.079841,0.08163
0.096042,0.083846,0.085511,0.086034,0.085331,0.083814,0.091832,0.085184,0.08338,0.085221
0.098936,0.086769,0.088414,0.088937,0.088292,0.086685,0.094849,0.088131,0.086209,0.088079
0.1012,0.089038,0.090754,0.091232,0.090621,0.089017,0.097246,0.090454,0.088424,0.090305
0.10294,0.090759,0.092623,0.093015,0.09242,0.090892,0.099122,0.092256,0.090117,0.092001
0.10425,0.092028,0.094102,0.09437,0.09378,0.092385,0.10057,0.093624,0.091375,0.093256
0.1052,0.092929,0.09526,0.095372,0.09478,0.093561,0.10166,0.094639,0.092274,0.094149
0.10586,0.093532,0.096154,0.096086,0.095487,0.094472,0.10246,0.095365,0.09288,0.094749
0.1063,0.093894,0.096832,0.096565,0.095957,0.095167,0.10303,0.095856,0.093248,0.095111
0.10654,0.094064,0.097334,0.096853,0.096236,0.095683,0.1034,0.096159,0.093422,0.095281
0.10664,0.094081,0.097692,0.096986,0.09636,0.096051,0.10362,0.096309,0.093441,0.095298
0.10661,0.093976,0.097933,0.096995,0.096362,0.096299,0.10372,0.096337,0.093336,0.095193
0.10649,0.093774,0.098079,0.096904,0.096265,0.096447,0.10372,0.096267,0.093132,0.094991
0.10629,0.093496,0.098147,0.096733,0.096089,0.096514,0.10364,0.096118,0.092848,0.094711
0.10604,0.093159,0.098153,0.096498,0.095851,0.096515,0.10349,0.095907,0.092503,0.094371
0.10573,0.092774,0.098107,0.096212,0.095563,0.09646,0.10329,0.095646,0.092108,0.093983
0.10539,0.092353,0.09802,0.095885,0.095236,0.096362,0.10305,0.095346,0.091674,0.093558
0.10502,0.091904,0.097899,0.095527,0.094878,0.096227,0.10278,0.095015,0.091211,0.093104
0.10462,0.091434,0.09775,0.095143,0.094496,0.096062,0.10248,0.09466,0.090725,0.092628
0.10421,0.090948,0.09758,0.09474,0.094096,0.095873,0.10216,0.094285,0.090222,0.092136
0.10379,0.09045,0.097392,0.094322,0.093681,0.095665,0.10183,0.093896,0.089707,0.091632
0.10335,0.089944,0.09719,0.093892,0.093256,0.095441,0.10148,0.093496,0.089182,0.091119
0.10291,0.089432,0.096976,0.093454,0.092823,0.095204,0.10112,0.093087,0.088652,0.0906
0.10246,0.088917,0.096754,0.09301,0.092385,0.094957,0.10076,0.092673,0.088117,0.090078
0.10202,0.0884,0.096524,0.092563,0.091943,0.094702,0.10039,0.092254,0.087581,0.089554
0.10156,0.087883,0.096289,0.092112,0.091498,0.094441,0.10002,0.091833,0.087045,0.08903
0.10111,0.087366,0.096049,0.09166,0.091052,0.094174,0.099639,0.09141,0.086509,0.088506
0.10066,0.086851,0.095805,0.091208,0.090606,0.093904,0.099262,0.090986,0.085975,0.087984
0.10021,0.086338,0.095559,0.090757,0.090161,0.09363,0.098883,0.090563,0.085443,0.087464
0.099758,0.085827,0.095312,0.090306,0.089717,0.093355,0.098504,0.09014,0.084915,0.086947
0.09931,0.08532,0.095063,0.089857,0.089274,0.093078,0.098126,0.089719,0.08439,0.086434
0.098864,0.084816,0.094813,0.089411,0.088833,0.0928,0.097748,0.089299,0.08387,0.085924
0.098421,0.084316,0.094562,0.088966,0.088394,0.092522,0.097371,0.088881,0.083353,0.085418
0.09798,0.08382,0.094311,0.088524,0.087958,0.092243,0.096996,0.088465,0.082841,0.084916
0.097543,0.083327,0.094061,0.088085,0.087525,0.091965,0.096622,0.088051,0.082333,0.084418
0.097108,0.082839,0.09381,0.087649,0.087094,0.091686,0.09625,0.08764,0.081831,0.083925
0.096676,0.082354,0.09356,0.087217,0.086667,0.091409,0.09588,0.087231,0.081333,0.083436
0.096248,0.081874,0.09331,0.086787,0.086242,0.091132,0.095512,0.086825,0.08084,0.082951
0.095822,0.081399,0.093061,0.08636,0.08582,0.090855,0.095145,0.086422,0.080352,0.082472
0.0954,0.080927,0.092813,0.085937,0.085402,0.09058,0.094781,0.086021,0.079868,0.081996
0.094981,0.08046,0.092565,0.085518,0.084986,0.090306,0.094419,0.085624,0.07939,0.081526
0.094566,0.079997,0.092319,0.085101,0.084574,0.090032,0.094059,0.085229,0.078917,0.08106
0.094154,0.079538,0.092073,0.084688,0.084165,0.08976,0.093701,0.084837,0.078448,0.080598
0.093745,0.079083,0.091828,0.084279,0.083759,0.089489,0.093346,0.084448,0.077985,0.080141
0.093339,0.078633,0.091583,0.083872,0.083356,0.089219,0.092992,0.084061,0.077526,0.079688
0.092936,0.078187,0.09134,0.08347,0.082956,0.088951,0.092641,0.083678,0.077072,0.07924
0.092537,0.077745,0.091098,0.08307,0.08256,0.088683,0.092292,0.083297,0.076623,0.078797
0.092141,0.077307,0.090856,0.082674,0.082166,0.088417,0.091946,0.082919,0.076179,0.078357
0.091748,0.076873,0.090616,0.082281,0.081776,0.088152,0.091601,0.082545,0.075739,0.077923
0.091359,0.076444,0.090377,0.081892,0.081389,0.087889,0.091259,0.082172,0.075304,0.077492
0.090973,0.076018,0.090138,0.081506,0.081005,0.087626,0.090919,0.081803,0.074874,0.077066
0.090589,0.075596,0.089901,0.081123,0.080623,0.087365,0.090581,0.081436,0.074448,0.076644
0.090209,0.075178,0.089664,0.080743,0.080245,0.087105,0.090246,0.081073,0.074027,0.076226
0.089832,0.074765,0.089429,0.080366,0.07987,0.086847,0.089912,0.080712,0.073611,0.075813
0.089458,0.074355,0.089194,0.079993,0.079498,0.08659,0.089581,0.080353,0.073199,0.075403
0.089088,0.073949,0.088961,0.079623,0.079129,0.086334,0.089252,0.079998,0.072791,0.074998
0.08872,0.073546,0.088728,0.079256,0.078763,0.086079,0.088925,0.079645,0.072387,0.074597
0.088355,0.073148,0.088497,0.078892,0.078399,0.085826,0.0886,0.079294,0.071988,0.0742
0.087993,0.072753,0.088266,0.078532,0.078039,0.085574,0.088278,0.078947,0.071593,0.073806
0.087635,0.072362,0.088037,0.078174,0.077682,0.085323,0.087957,0.078602,0.071203,0.073417
0.087279,0.071975,0.087808,0.07782,0.077327,0.085073,0.087638,0.078259,0.070816,0.073032
0.086926,0.071591,0.08758,0.077468,0.076975,0.084825,0.087322,0.07792,0.070434,0.07265
0.086576,0.071211,0.087354,0.077119,0.076626,0.084578,0.087008,0.077582,0.070056,0.072272
0.086229,0.070835,0.087128,0.076774,0.07628,0.084332,0.086695,0.077248,0.069682,0.071899
0.085884,0.070462,0.086903,0.076431,0.075936,0.084087,0.086385,0.076916,0.069312,0.071528
0.085543,0.070092,0.08668,0.076092,0.075596,0.083844,0.086077,0.076586,0.068945,0.071162
0.085204,0.069726,0.086457,0.075755,0.075258,0.083602,0.085771,0.076259,0.068583,0.070799
0.084868,0.069364,0.086235,0.075421,0.074922,0.083361,0.085467,0.075934,0.068225,0.07044
0.084535,0.069005,0.086014,0.07509,0.07459,0.083121,0.085164,0.075612,0.06787,0.070085
0.084205,0.068649,0.085794,0.074761,0.07426,0.082883,0.084864,0.075293,0.067519,0.069733
0.083877,0.068296,0.085575,0.074436,0.073933,0.082646,0.084566,0.074975,0.067172,0.069384
0.083552,0.067947,0.085357,0.074113,0.073608,0.08241,0.08427,0.07466,0.066829,0.06904
0.08323,0.067602,0.085139,0.073793,0.073286,0.082175,0.083975,0.074348,0.06649,0.068698
0.08291,0.067259,0.084923,0.073476,0.072966,0.081941,0.083683,0.074038,0.066154,0.06836
0.082593,0.06692,0.084708,0.073162,0.072649,0.081709,0.083392,0.07373,0.065821,0.068026
0.082279,0.066584,0.084493,0.07285,0.072335,0.081477,0.083104,0.073424,0.065492,0.067694
0.081967,0.066251,0.08428,0.072541,0.072023,0.081247,0.082817,0.073121,0.065167,0.067366
0.081658,0.065921,0.084067,0.072234,0.071713,0.081018,0.082532,0.072821,0.064845,0.067042
0.081351,0.065594,0.083856,0.07193,0.071406,0.080791,0.082249,0.072522,0.064527,0.06672
0.081047,0.065271,0.083645,0.071629,0.071102,0.080564,0.081968,0.072226,0.064212,0.066402
0.080745,0.06495,0.083435,0.07133,0.0708,0.080338,0.081689,0.071932,0.0639,0.066087
0.080446,0.064633,0.083226,0.071034,0.0705,0.080114,0.081411,0.07164,0.063592,0.065776
0.080149,0.064318,0.083018,0.070741,0.070203,0.079891,0.081136,0.07135,0.063287,0.065467
0.079854,0.064007,0.08281,0.070449,0.069908,0.079669,0.080862,0.071063,0.062986,0.065161
0.079563,0.063698,0.082604,0.070161,0.069615,0.079448,0.08059,0.070778,0.062687,0.064859
0.079273,0.063392,0.082399,0.069875,0.069325,0.079228,0.08032,0.070495,0.062392,0.064559
0.078986,0.063089,0.082194,0.069591,0.069037,0.079009,0.080051,0.070214,0.0621,0.064263
0.078701,0.062789,0.08199,0.06931,0.068752,0.078792,0.079784,0.069935,0.061811,0.063969
0.078419,0.062492,0.081787,0.069031,0.068468,0.078575,0.07952,0.069658,0.061525,0.063679
0.078138,0.062198,0.081585,0.068754,0.068187,0.07836,0.079256,0.069384,0.061242,0.063391
0.077861,0.061906,0.081384,0.06848,0.067908,0.078145,0.078995,0.069111,0.060963,0.063107
0.077585,0.061617,0.081184,0.068208,0.067632,0.077932,0.078735,0.068841,0.060686,0.062825
0.077312,0.061331,0.080985,0.067939,0.067358,0.07772,0.078477,0.068572,0.060412,0.062546
0.077041,0.061048,0.080786,0.067671,0.067085,0.077509,0.07822,0.068306,0.060141,0.06227
0.076772,0.060767,0.080588,0.067406,0.066815,0.077299,0.077966,0.068042,0.059873,0.061996
0.076505,0.060489,0.080391,0.067144,0.066548,0.07709,0.077713,0.067779,0.059608,0.061725
0.076241,0.060213,0.080195,0.066883,0.066282,0.076882,0.077461,0.067519,0.059346,0.061457
0.075979,0.05994,0.08,0.066625,0.066018,0.076675,0.077211,0.067261,0.059086,0.061192
0.075719,0.05967,0.079806,0.066369,0.065757,0.076469,0.076963,0.067004,0.05883,0.06093
0.075461,0.059402,0.079612,0.066115,0.065497,0.076265,0.076717,0.06675,0.058576,0.06067
0.075205,0.059137,0.07942,0.065864,0.06524,0.076061,0.076472,0.066497,0.058325,0.060412
0.074951,0.058874,0.079228,0.065614,0.064985,0.075858,0.076229,0.066247,0.058076,0.060157
0.074699,0.058614,0.079037,0.065367,0.064732,0.075657,0.075987,0.065998,0.05783,0.059905
0.07445,0.058356,0.078846,0.065121,0.06448,0.075456,0.075747,0.065751,0.057587,0.059655
0.074202,0.0581,0.078657,0.064878,0.064231,0.075256,0.075508,0.065506,0.057347,0.059408
0.073957,0.057847,0.078468,0.064637,0.063984,0.075058,0.075271,0.065263,0.057109,0.059164
0.073713,0.057597,0.07828,0.064398,0.063739,0.07486,0.075036,0.065022,0.056873,0.058921
0.073472,0.057348,0.078093,0.064161,0.063496,0.074663,0.074802,0.064782,0.05664,0.058681
0.073232,0.057102,0.077907,0.063926,0.063254,0.074468,0.07457,0.064545,0.05641,0.058444
0.072995,0.056859,0.077722,0.063693,0.063015,0.074273,0.074339,0.064309,0.056182,0.058209
0.072759,0.056617,0.077537,0.063462,0.062777,0.07408,0.074109,0.064075,0.055956,0.057976
0.072759,0.056617,0.077537,0.063462,0.062777,0.07408,0.074109,0.064075,0.055956,0.057976
0.073293,0.057143,0.078188,0.063934,0.063303,0.074615,0.074666,0.064607,0.056397,0.058459
0.076573,0.06043,0.081711,0.066942,0.066562,0.077706,0.078014,0.067873,0.059266,0.061527
0.082294,0.066206,0.087623,0.072252,0.072268,0.083005,0.083825,0.073571,0.064382,0.066952
0.089292,0.073307,0.094659,0.078815,0.079269,0.08942,0.090911,0.080543,0.070758,0.073662
0.096538,0.080693,0.1018,0.08568,0.086541,0.096032,0.098241,0.087772,0.077473,0.080678
0.10336,0.087671,0.10845,0.092211,0.093413,0.10227,0.10515,0.094593,0.083894,0.087341
0.10942,0.093867,0.11431,0.09806,0.099526,0.10783,0.11129,0.10066,0.089662,0.093289
0.11457,0.099136,0.1193,0.10308,0.10474,0.11262,0.11653,0.10583,0.094622,0.098373
0.11882,0.10347,0.12345,0.10726,0.10906,0.11664,0.12088,0.11011,0.098748,0.10258
0.12223,0.10694,0.12684,0.11066,0.11254,0.11996,0.12441,0.11357,0.10208,0.10596
0.12491,0.10965,0.12956,0.11335,0.11528,0.12264,0.12721,0.1163,0.10471,0.10861
0.12696,0.1117,0.13173,0.11544,0.1174,0.12479,0.1294,0.11841,0.10673,0.11063
0.12849,0.11321,0.13342,0.11701,0.11898,0.12649,0.13107,0.12,0.10823,0.11212
0.12958,0.11426,0.13473,0.11816,0.12013,0.1278,0.1323,0.12116,0.10929,0.11317
0.13033,0.11496,0.13571,0.11896,0.12092,0.1288,0.13318,0.12196,0.11,0.11387
0.13079,0.11535,0.13644,0.11947,0.12142,0.12953,0.13378,0.12248,0.11041,0.11427
0.13101,0.11551,0.13694,0.11975,0.12168,0.13005,0.13414,0.12277,0.11059,0.11443
0.13105,0.11548,0.13727,0.11984,0.12175,0.13039,0.13431,0.12287,0.11058,0.11441
0.13095,0.11529,0.13746,0.11978,0.12167,0.13058,0.13433,0.12281,0.11042,0.11423
0.13072,0.11499,0.13753,0.1196,0.12147,0.13065,0.13423,0.12264,0.11013,0.11394
0.1304,0.11459,0.13751,0.11931,0.12118,0.13063,0.13403,0.12237,0.10975,0.11355
0.13001,0.11411,0.13741,0.11895,0.1208,0.13052,0.13375,0.12203,0.10928,0.11308
0.12956,0.11358,0.13725,0.11852,0.12036,0.13035,0.1334,0.12162,0.10876,0.11256
0.12906,0.113,0.13703,0.11805,0.11988,0.13012,0.13301,0.12116,0.10819,0.11199
0.12853,0.11239,0.13678,0.11754,0.11936,0.12985,0.13257,0.12067,0.10759,0.11138
0.12797,0.11175,0.1365,0.11699,0.11881,0.12955,0.13211,0.12015,0.10695,0.11075
0.12738,0.1111,0.13618,0.11643,0.11824,0.12921,0.13162,0.1196,0.1063,0.1101
0.12678,0.11043,0.13585,0.11584,0.11765,0.12886,0.13111,0.11904,0.10563,0.10943
0.12617,0.10974,0.1355,0.11524,0.11704,0.12848,0.13058,0.11846,0.10495,0.10875
0.12556,0.10906,0.13513,0.11464,0.11643,0.12809,0.13005,0.11787,0.10426,0.10807
0.12493,0.10837,0.13476,0.11402,0.11581,0.12769,0.1295,0.11728,0.10357,0.10738
0.1243,0.10767,0.13437,0.1134,0.11519,0.12728,0.12895,0.11668,0.10288,0.10669
0.12368,0.10698,0.13398,0.11278,0.11457,0.12686,0.1284,0.11608,0.10218,0.106
0.12305,0.10629,0.13359,0.11216,0.11394,0.12644,0.12784,0.11548,0.10149,0.10531
0.12242,0.1056,0.13319,0.11153,0.11332,0.12601,0.12728,0.11488,0.1008,0.10462
0.12179,0.10491,0.13279,0.11091,0.11269,0.12557,0.12673,0.11427,0.10011,0.10393
0.12117,0.10423,0.13238,0.11029,0.11207,0.12514,0.12617,0.11367,0.099428,0.10325
0.12054,0.10355,0.13198,0.10967,0.11145,0.12471,0.12561,0.11308,0.09875,0.10258
0.11992,0.10287,0.13157,0.10906,0.11083,0.12427,0.12505,0.11248,0.098077,0.10191
0.11931,0.1022,0.13117,0.10845,0.11022,0.12383,0.1245,0.11189,0.09741,0.10124
0.1187,0.10154,0.13076,0.10784,0.10961,0.1234,0.12395,0.1113,0.096748,0.10058
0.11809,0.10088,0.13036,0.10724,0.10901,0.12296,0.1234,0.11071,0.096093,0.099929
0.11749,0.10023,0.12995,0.10664,0.1084,0.12253,0.12285,0.11013,0.095443,0.099281
0.11689,0.09958,0.12955,0.10605,0.10781,0.1221,0.12231,0.10955,0.0948,0.098638
0.11629,0.098938,0.12915,0.10546,0.10721,0.12166,0.12177,0.10898,0.094163,0.098002
0.11571,0.098302,0.12875,0.10487,0.10663,0.12123,0.12123,0.10841,0.093533,0.097371
0.11512,0.097672,0.12835,0.10429,0.10604,0.12081,0.12069,0.10784,0.092909,0.096746
0.11454,0.097047,0.12795,0.10371,0.10546,0.12038,0.12016,0.10728,0.092291,0.096128
0.11396,0.096428,0.12755,0.10314,0.10488,0.11995,0.11963,0.10672,0.091679,0.095515
0.11339,0.095814,0.12715,0.10258,0.10431,0.11953,0.11911,0.10616,0.091075,0.094909
0.11282,0.095207,0.12676,0.10201,0.10375,0.11911,0.11859,0.10561,0.090476,0.094308
0.11226,0.094605,0.12637,0.10146,0.10318,0.11869,0.11807,0.10507,0.089883,0.093713
0.1117,0.094008,0.12598,0.1009,0.10263,0.11827,0.11755,0.10452,0.089297,0.093124
0.11115,0.093417,0.12559,0.10036,0.10207,0.11785,0.11704,0.10398,0.088717,0.092542
0.1106,0.092832,0.1252,0.099812,0.10152,0.11744,0.11653,0.10345,0.088144,0.091964
0.11006,0.092252,0.12481,0.099273,0.10098,0.11703,0.11603,0.10292,0.087576,0.091393
0.10952,0.091677,0.12443,0.098738,0.10044,0.11662,0.11553,0.10239,0.087014,0.090827
0.10898,0.091108,0.12404,0.098208,0.099901,0.11621,0.11503,0.10187,0.086459,0.090267
0.10845,0.090544,0.12366,0.097683,0.099369,0.11581,0.11453,0.10135,0.085909,0.089713
0.10792,0.089986,0.12328,0.097162,0.098841,0.1154,0.11404,0.10084,0.085365,0.089164
0.1074,0.089432,0.1229,0.096645,0.098318,0.115,0.11355,0.10033,0.084827,0.08862
0.10688,0.088884,0.12252,0.096133,0.097798,0.1146,0.11306,0.099819,0.084295,0.088082
0.10637,0.088341,0.12215,0.095625,0.097283,0.1142,0.11258,0.099316,0.083768,0.08755
0.10586,0.087804,0.12177,0.095122,0.096771,0.11381,0.1121,0.098816,0.083247,0.087022
0.10535,0.087271,0.1214,0.094622,0.096264,0.11341,0.11162,0.098321,0.082732,0.0865
0.10485,0.086743,0.12103,0.094127,0.095761,0.11302,0.11115,0.097829,0.082222,0.085984
0.10436,0.08622,0.12066,0.093637,0.095262,0.11263,0.11068,0.097341,0.081717,0.085472
0.10386,0.085703,0.12029,0.09315,0.094767,0.11224,0.11021,0.096856,0.081218,0.084966
0.10337,0.08519,0.11993,0.092668,0.094276,0.11186,0.10975,0.096375,0.080724,0.084464
0.10289,0.084682,0.11956,0.092189,0.093788,0.11147,0.10929,0.095898,0.080236,0.083968
0.10241,0.084178,0.1192,0.091715,0.093305,0.11109,0.10883,0.095425,0.079753,0.083477
0.10193,0.08368,0.11884,0.091245,0.092826,0.11071,0.10837,0.094955,0.079275,0.08299
0.10146,0.083186,0.11848,0.090779,0.09235,0.11033,0.10792,0.094488,0.078802,0.082509
0.10099,0.082696,0.11812,0.090317,0.091878,0.10996,0.10747,0.094026,0.078334,0.082032
0.10052,0.082212,0.11776,0.089858,0.09141,0.10958,0.10703,0.093566,0.077871,0.08156
0.10006,0.081732,0.11741,0.089404,0.090946,0.10921,0.10658,0.09311,0.077413,0.081093
0.099602,0.081256,0.11705,0.088954,0.090485,0.10884,0.10614,0.092658,0.07696,0.080631
0.099148,0.080785,0.1167,0.088507,0.090028,0.10847,0.10571,0.092209,0.076512,0.080173
0.098697,0.080318,0.11635,0.088064,0.089575,0.1081,0.10527,0.091764,0.076069,0.07972
0.098251,0.079856,0.116,0.087625,0.089125,0.10774,0.10484,0.091321,0.07563,0.079271
0.097808,0.079398,0.11565,0.08719,0.088679,0.10738,0.10441,0.090883,0.075196,0.078827
0.097368,0.078945,0.11531,0.086758,0.088236,0.10701,0.10398,0.090447,0.074767,0.078387
0.096932,0.078495,0.11496,0.086331,0.087797,0.10665,0.10356,0.090015,0.074343,0.077952
0.0965,0.07805,0.11462,0.085906,0.087362,0.1063,0.10314,0.089586,0.073923,0.077521
0.096071,0.077609,0.11428,0.085486,0.08693,0.10594,0.10272,0.08916,0.073507,0.077094
0.095646,0.077172,0.11394,0.085069,0.086501,0.10559,0.10231,0.088738,0.073096,0.076672
0.095225,0.07674,0.1136,0.084655,0.086076,0.10523,0.10189,0.088319,0.072689,0.076254
0.094806,0.076311,0.11326,0.084245,0.085654,0.10488,0.10148,0.087902,0.072287,0.07584
0.094392,0.075887,0.11292,0.083839,0.085236,0.10454,0.10108,0.08749,0.071889,0.07543
0.09398,0.075466,0.11259,0.083436,0.084821,0.10419,0.10067,0.08708,0.071495,0.075025
0.093572,0.07505,0.11226,0.083037,0.084409,0.10384,0.10027,0.086673,0.071105,0.074623
0.093168,0.074637,0.11192,0.08264,0.084001,0.1035,0.099872,0.08627,0.07072,0.074226
0.092766,0.074228,0.11159,0.082248,0.083596,0.10316,0.099475,0.085869,0.070339,0.073832
0.092368,0.073823,0.11126,0.081858,0.083194,0.10282,0.099081,0.085472,0.069961,0.073443
0.091973,0.073422,0.11094,0.081472,0.082795,0.10248,0.09869,0.085077,0.069588,0.073057
0.091582,0.073025,0.11061,0.08109,0.082399,0.10214,0.098301,0.084686,0.069219,0.072675
0.091194,0.072631,0.11029,0.08071,0.082007,0.10181,0.097915,0.084297,0.068854,0.072297
0.090809,0.072241,0.10996,0.080334,0.081618,0.10148,0.097531,0.083912,0.068493,0.071923
0.090427,0.071855,0.10964,0.079961,0.081232,0.10114,0.09715,0.083529,0.068135,0.071553
0.090048,0.071473,0.10932,0.079591,0.080849,0.10081,0.096771,0.083149,0.067782,0.071186
0.089672,0.071094,0.109,0.079224,0.080469,0.10049,0.096395,0.082772,0.067432,0.070823
0.0893,0.070718,0.10868,0.078861,0.080092,0.10016,0.096021,0.082398,0.067086,0.070464
0.08893,0.070346,0.10837,0.0785,0.079718,0.099835,0.09565,0.082027,0.066743,0.070108
0.088564,0.069978,0.10805,0.078143,0.079347,0.099512,0.095281,0.081659,0.066405,0.069756
0.0882,0.069613,0.10774,0.077789,0.078979,0.09919,0.094915,0.081293,0.06607,0.069407
0.08784,0.069252,0.10742,0.077437,0.078614,0.09887,0.094551,0.08093,0.065738,0.069062
0.087482,0.068894,0.10711,0.077089,0.078252,0.098552,0.094189,0.08057,0.06541,0.068721
0.087127,0.068539,0.1068,0.076744,0.077893,0.098235,0.09383,0.080213,0.065086,0.068382
0.086776,0.068188,0.10649,0.076401,0.077536,0.09792,0.093473,0.079858,0.064765,0.068048
0.086427,0.06784,0.10619,0.076062,0.077183,0.097607,0.093118,0.079507,0.064448,0.067716
0.086081,0.067495,0.10588,0.075725,0.076832,0.097295,0.092766,0.079157,0.064133,0.067388
0.085738,0.067153,0.10558,0.075392,0.076484,0.096985,0.092416,0.078811,0.063823,0.067063
0.085398,0.066815,0.10527,0.075061,0.076139,0.096676,0.092068,0.078467,0.063515,0.066741
0.08506,0.06648,0.10497,0.074733,0.075797,0.096369,0.091723,0.078125,0.063211,0.066423
0.084725,0.066148,0.10467,0.074408,0.075457,0.096063,0.09138,0.077787,0.06291,0.066108
0.084394,0.065819,0.10437,0.074085,0.07512,0.095759,0.091039,0.07745,0.062613,0.065796
0.084064,0.065494,0.10407,0.073765,0.074786,0.095457,0.0907,0.077117,0.062318,0.065487
0.083738,0.065171,0.10377,0.073448,0.074455,0.095156,0.090363,0.076786,0.062027,0.065181
0.083414,0.064851,0.10348,0.073134,0.074126,0.094857,0.090029,0.076457,0.061739,0.064879
0.083414,0.064851,0.10348,0.073134,0.074126,0.094857,0.090029,0.076457,0.061739,0.064879
0.08386,0.0653,0.10402,0.073523,0.074561,0.095287,0.090481,0.076895,0.062117,0.065292
0.087053,0.06851,0.10743,0.076449,0.07773,0.098273,0.093726,0.080067,0.064925,0.068292
0.092689,0.074209,0.11323,0.081678,0.083347,0.10347,0.099434,0.085673,0.069981,0.073649
0.099601,0.081236,0.12016,0.088161,0.090259,0.10978,0.10642,0.092554,0.076297,0.080291
0.10676,0.088547,0.1272,0.094946,0.097443,0.11629,0.11365,0.099692,0.082953,0.08724
0.11351,0.09545,0.13373,0.1014,0.10423,0.12242,0.12045,0.10642,0.089315,0.093838
0.11948,0.10157,0.13949,0.10717,0.11025,0.12788,0.12649,0.1124,0.095025,0.099721
0.12454,0.10677,0.14437,0.11211,0.11539,0.13257,0.13164,0.11748,0.099928,0.10474
0.12871,0.11103,0.14841,0.11622,0.11962,0.13649,0.13589,0.12167,0.104,0.10888
0.13204,0.11443,0.15169,0.11953,0.12301,0.1397,0.13932,0.12504,0.10728,0.1122
0.13464,0.11707,0.15432,0.12215,0.12567,0.14229,0.14202,0.12769,0.10985,0.11478
0.13661,0.11905,0.15637,0.12416,0.1277,0.14434,0.14411,0.12971,0.11181,0.11674
0.13806,0.12049,0.15796,0.12566,0.12921,0.14594,0.14568,0.13121,0.11325,0.11817
0.13908,0.12148,0.15917,0.12674,0.13027,0.14715,0.14682,0.13229,0.11426,0.11916
0.13974,0.1221,0.16005,0.12747,0.13098,0.14805,0.14761,0.13301,0.11492,0.1198
0.14012,0.12243,0.16066,0.12791,0.1314,0.14869,0.14811,0.13344,0.11528,0.12014
0.14027,0.12252,0.16107,0.12811,0.13158,0.14911,0.14838,0.13365,0.11541,0.12025
0.14024,0.12242,0.16129,0.12813,0.13157,0.14935,0.14846,0.13366,0.11535,0.12017
0.14006,0.12217,0.16138,0.128,0.13142,0.14944,0.14838,0.13353,0.11513,0.11993
0.13976,0.1218,0.16135,0.12774,0.13114,0.14942,0.14819,0.13327,0.11479,0.11958
0.13936,0.12134,0.16122,0.12739,0.13076,0.1493,0.1479,0.13292,0.11436,0.11913
0.1389,0.1208,0.16102,0.12696,0.13031,0.1491,0.14752,0.1325,0.11385,0.11861
0.13837,0.1202,0.16076,0.12647,0.1298,0.14883,0.14709,0.13201,0.11328,0.11803
0.1378,0.11956,0.16045,0.12592,0.12924,0.14851,0.14661,0.13148,0.11266,0.1174
0.1372,0.11889,0.1601,0.12534,0.12865,0.14815,0.14608,0.1309,0.11201,0.11674
0.13656,0.11819,0.15971,0.12473,0.12802,0.14775,0.14553,0.1303,0.11133,0.11606
0.13591,0.11747,0.1593,0.1241,0.12737,0.14733,0.14495,0.12968,0.11062,0.11535
0.13524,0.11674,0.15887,0.12345,0.12671,0.14688,0.14435,0.12904,0.10991,0.11463
0.13456,0.116,0.15842,0.12279,0.12604,0.14641,0.14374,0.12839,0.10918,0.1139
0.13387,0.11526,0.15795,0.12211,0.12535,0.14593,0.14312,0.12773,0.10845,0.11316
0.13318,0.11451,0.15748,0.12144,0.12466,0.14544,0.14249,0.12706,0.10771,0.11242
0.13249,0.11375,0.157,0.12075,0.12397,0.14494,0.14185,0.12639,0.10697,0.11168
0.13179,0.113,0.15651,0.12007,0.12328,0.14443,0.14122,0.12571,0.10623,0.11094
0.13109,0.11225,0.15602,0.11938,0.12258,0.14392,0.14058,0.12504,0.1055,0.1102
0.1304,0.11151,0.15553,0.1187,0.12189,0.1434,0.13993,0.12436,0.10476,0.10947
0.12971,0.11077,0.15503,0.11802,0.12119,0.14288,0.13929,0.12369,0.10404,0.10873
0.12902,0.11003,0.15453,0.11733,0.1205,0.14236,0.13865,0.12302,0.10331,0.10801
0.12833,0.10929,0.15403,0.11666,0.11982,0.14184,0.13801,0.12235,0.10259,0.10728
0.12765,0.10857,0.15353,0.11598,0.11913,0.14131,0.13737,0.12168,0.10188,0.10657
0.12697,0.10784,0.15304,0.11531,0.11845,0.14079,0.13674,0.12102,0.10117,0.10585
0.1263,0.10713,0.15254,0.11465,0.11778,0.14027,0.13611,0.12036,0.10047,0.10515
0.12563,0.10641,0.15204,0.11399,0.11711,0.13975,0.13548,0.11971,0.099771,0.10445
0.12496,0.10571,0.15154,0.11333,0.11644,0.13923,0.13485,0.11906,0.099083,0.10375
0.1243,0.10501,0.15105,0.11268,0.11578,0.13871,0.13423,0.11841,0.0984,0.10307
0.12365,0.10432,0.15055,0.11203,0.11512,0.1382,0.13361,0.11777,0.097725,0.10238
0.123,0.10363,0.15006,0.11139,0.11447,0.13768,0.133,0.11713,0.097056,0.10171
0.12235,0.10295,0.14957,0.11075,0.11382,0.13717,0.13238,0.1165,0.096394,0.10104
0.12171,0.10228,0.14908,0.11012,0.11318,0.13666,0.13178,0.11587,0.095739,0.10038
0.12108,0.10161,0.14859,0.1095,0.11254,0.13615,0.13117,0.11525,0.095091,0.099725
0.12045,0.10094,0.14811,0.10888,0.11191,0.13565,0.13057,0.11463,0.09445,0.099076
0.11982,0.10029,0.14762,0.10826,0.11128,0.13514,0.12997,0.11401,0.093815,0.098433
0.1192,0.099639,0.14714,0.10765,0.11066,0.13464,0.12938,0.1134,0.093187,0.097797
0.11859,0.098995,0.14666,0.10704,0.11004,0.13414,0.12879,0.1128,0.092565,0.097168
0.11798,0.098357,0.14618,0.10644,0.10943,0.13365,0.12821,0.11219,0.09195,0.096544
0.11737,0.097725,0.14571,0.10585,0.10882,0.13315,0.12762,0.1116,0.091342,0.095927
0.11677,0.097099,0.14523,0.10526,0.10822,0.13266,0.12705,0.111,0.09074,0.095315
0.11618,0.096479,0.14476,0.10467,0.10762,0.13217,0.12647,0.11042,0.090144,0.09471
0.11559,0.095864,0.14429,0.10409,0.10703,0.13169,0.1259,0.10983,0.089555,0.094111
0.115,0.095256,0.14382,0.10352,0.10644,0.1312,0.12534,0.10925,0.088972,0.093518
0.11442,0.094653,0.14336,0.10294,0.10585,0.13072,0.12477,0.10868,0.088395,0.092931
0.11384,0.094056,0.14289,0.10238,0.10527,0.13024,0.12421,0.10811,0.087825,0.09235
0.11327,0.093464,0.14243,0.10182,0.1047,0.12976,0.12366,0.10754,0.087261,0.091774
0.11271,0.092878,0.14197,0.10126,0.10413,0.12929,0.1231,0.10698,0.086702,0.091204
0.11214,0.092297,0.14151,0.10071,0.10356,0.12882,0.12256,0.10642,0.08615,0.090641
0.11159,0.091722,0.14105,0.10016,0.103,0.12835,0.12201,0.10587,0.085603,0.090082
0.11103,0.091153,0.1406,0.09962,0.10244,0.12788,0.12147,0.10532,0.085062,0.08953
0.11049,0.090588,0.14015,0.099082,0.10189,0.12741,0.12093,0.10478,0.084528,0.088982
0.10994,0.09003,0.1397,0.098549,0.10134,0.12695,0.1204,0.10424,0.083998,0.088441
0.1094,0.089476,0.13925,0.098021,0.1008,0.12649,0.11987,0.1037,0.083475,0.087904
0.10887,0.088927,0.1388,0.097497,0.10026,0.12603,0.11934,0.10317,0.082957,0.087374
0.10834,0.088384,0.13835,0.096977,0.099725,0.12558,0.11881,0.10264,0.082445,0.086848
0.10781,0.087846,0.13791,0.096462,0.099194,0.12512,0.11829,0.10211,0.081938,0.086328
0.10729,0.087313,0.13747,0.095952,0.098668,0.12467,0.11778,0.10159,0.081436,0.085813
0.10677,0.086784,0.13703,0.095445,0.098146,0.12422,0.11726,0.10108,0.08094,0.085303
0.10626,0.086261,0.13659,0.094943,0.097627,0.12378,0.11675,0.10056,0.08045,0.084798
0.10575,0.085743,0.13616,0.094446,0.097113,0.12333,0.11625,0.10005,0.079964,0.084299
0.10525,0.08523,0.13572,0.093952,0.096603,0.12289,0.11574,0.099549,0.079484,0.083804
0.10475,0.084721,0.13529,0.093463,0.096098,0.12245,0.11524,0.099048,0.079009,0.083314
0.10425,0.084218,0.13486,0.092978,0.095596,0.12201,0.11474,0.09855,0.078539,0.08283
0.10376,0.083719,0.13443,0.092497,0.095098,0.12158,0.11425,0.098057,0.078074,0.08235
0.10327,0.083224,0.13401,0.09202,0.094604,0.12114,0.11376,0.097567,0.077614,0.081875
0.10279,0.082735,0.13358,0.091547,0.094114,0.12071,0.11327,0.09708,0.077158,0.081404
0.1023,0.08225,0.13316,0.091078,0.093628,0.12028,0.11279,0.096598,0.076708,0.080939
0.10183,0.081769,0.13274,0.090614,0.093146,0.11986,0.11231,0.096119,0.076263,0.080478
0.10136,0.081293,0.13232,0.090153,0.092668,0.11943,0.11183,0.095644,0.075822,0.080021
0.10089,0.080822,0.1319,0.089696,0.092193,0.11901,0.11135,0.095172,0.075386,0.07957
0.10042,0.080355,0.13149,0.089243,0.091723,0.11859,0.11088,0.094704,0.074955,0.079123
0.099962,0.079892,0.13107,0.088794,0.091256,0.11817,0.11041,0.09424,0.074528,0.07868
0.099505,0.079434,0.13066,0.088349,0.090793,0.11776,0.10995,0.093779,0.074106,0.078242
0.099051,0.07898,0.13025,0.087907,0.090333,0.11734,0.10949,0.093321,0.073689,0.077808
0.098601,0.07853,0.12984,0.08747,0.089878,0.11693,0.10903,0.092867,0.073276,0.077378
0.098156,0.078085,0.12943,0.087036,0.089426,0.11652,0.10857,0.092417,0.072867,0.076953
0.097713,0.077644,0.12903,0.086605,0.088977,0.11611,0.10812,0.09197,0.072463,0.076532
0.097275,0.077207,0.12863,0.086179,0.088532,0.11571,0.10767,0.091526,0.072063,0.076116
0.09684,0.076774,0.12822,0.085756,0.088091,0.1153,0.10722,0.091086,0.071667,0.075703
0.096408,0.076345,0.12782,0.085337,0.087653,0.1149,0.10677,0.090649,0.071276,0.075295
0.09598,0.07592,0.12743,0.084921,0.087219,0.1145,0.10633,0.090215,0.070888,0.074891
0.095556,0.075499,0.12703,0.084509,0.086788,0.11411,0.10589,0.089784,0.070505,0.07449
0.095135,0.075082,0.12663,0.0841,0.08636,0.11371,0.10546,0.089357,0.070126,0.074094
0.094717,0.074669,0.12624,0.083695,0.085936,0.11332,0.10502,0.088933,0.069751,0.073702
0.094303,0.07426,0.12585,0.083293,0.085516,0.11293,0.10459,0.088513,0.069381,0.073314
0.093893,0.073855,0.12546,0.082895,0.085098,0.11254,0.10417,0.088095,0.069014,0.07293
0.093485,0.073454,0.12507,0.0825,0.084684,0.11215,0.10374,0.087681,0.068651,0.072549
0.093081,0.073056,0.12469,0.082108,0.084274,0.11176,0.10332,0.087269,0.068292,0.072172
0.092681,0.072662,0.1243,0.08172,0.083866,0.11138,0.1029,0.086861,0.067936,0.0718
0.092283,0.072272,0.12392,0.081335,0.083462,0.111,0.10248,0.086456,0.067585,0.07143
0.091889,0.071885,0.12354,0.080954,0.083062,0.11062,0.10207,0.086054,0.067237,0.071065
0.091499,0.071503,0.12316,0.080576,0.082664,0.11024,0.10166,0.085656,0.066893,0.070703
0.091111,0.071123,0.12278,0.0802,0.082269,0.10986,0.10125,0.08526,0.066553,0.070345
0.090727,0.070748,0.1224,0.079829,0.081878,0.10949,0.10085,0.084867,0.066216,0.069991
0.090345,0.070375,0.12203,0.07946,0.08149,0.10912,0.10044,0.084477,0.065883,0.06964
0.089967,0.070007,0.12165,0.079094,0.081105,0.10875,0.10004,0.08409,0.065554,0.069292
0.089592,0.069642,0.12128,0.078732,0.080723,0.10838,0.099646,0.083706,0.065228,0.068948
0.08922,0.06928,0.12091,0.078372,0.080344,0.10801,0.099251,0.083325,0.064905,0.068608
0.088851,0.068922,0.12054,0.078016,0.079968,0.10765,0.098858,0.082947,0.064586,0.068271
0.088486,0.068567,0.12017,0.077663,0.079595,0.10729,0.098468,0.082571,0.064271,0.067937
0.088123,0.068215,0.11981,0.077313,0.079225,0.10693,0.098081,0.082199,0.063959,0.067606
0.087763,0.067867,0.11944,0.076966,0.078858,0.10657,0.097696,0.081829,0.06365,0.067279
0.087406,0.067522,0.11908,0.076621,0.078494,0.10621,0.097314,0.081462,0.063344,0.066956
0.087406,0.067522,0.11908,0.076621,0.078494,0.10621,0.097314,0.081462,0.063344,0.066956
0.087819,0.067945,0.11956,0.076981,0.078894,0.10658,0.097718,0.081862,0.063706,0.067348
0.09098,0.07113,0.1229,0.079877,0.082029,0.10951,0.10092,0.084997,0.066496,0.070327
0.096583,0.076805,0.12864,0.085077,0.087611,0.11465,0.10658,0.090565,0.071536,0.075664
0.10346,0.083807,0.1355,0.09153,0.094489,0.1209,0.11351,0.097409,0.077835,0.082286
0.11059,0.091094,0.14247,0.098287,0.10164,0.12736,0.1207,0.10451,0.084474,0.089215
0.1173,0.097973,0.14894,0.10471,0.10839,0.13343,0.12746,0.1112,0.090819,0.095793
0.12324,0.10407,0.15463,0.11045,0.11438,0.13884,0.13345,0.11714,0.096514,0.10166
0.12828,0.10925,0.15945,0.11537,0.11948,0.14347,0.13855,0.12219,0.1014,0.10666
0.13241,0.11349,0.16343,0.11945,0.12368,0.14734,0.14276,0.12635,0.10545,0.11078
0.13572,0.11686,0.16665,0.12274,0.12704,0.15049,0.14614,0.12968,0.10872,0.11407
0.13828,0.11947,0.1692,0.12532,0.12967,0.15303,0.1488,0.13229,0.11128,0.11664
0.14022,0.12143,0.1712,0.12731,0.13167,0.15502,0.15084,0.13428,0.11322,0.11858
0.14164,0.12285,0.17272,0.12878,0.13314,0.15656,0.15237,0.13575,0.11465,0.11999
0.14263,0.12382,0.17386,0.12983,0.13418,0.15772,0.15347,0.13679,0.11564,0.12097
0.14327,0.12442,0.17468,0.13053,0.13485,0.15857,0.15421,0.13748,0.11628,0.12158
0.14362,0.12472,0.17524,0.13095,0.13524,0.15915,0.15467,0.13788,0.11663,0.12191
0.14374,0.12479,0.17558,0.13113,0.13539,0.15952,0.15489,0.13805,0.11675,0.122
0.14368,0.12467,0.17574,0.13112,0.13536,0.15971,0.15493,0.13803,0.11667,0.1219
0.14347,0.1244,0.17577,0.13096,0.13517,0.15975,0.15481,0.13786,0.11644,0.12165
0.14314,0.12401,0.17567,0.13068,0.13486,0.15968,0.15458,0.13757,0.11609,0.12128
0.14272,0.12353,0.17549,0.1303,0.13445,0.1595,0.15424,0.13719,0.11564,0.12081
0.14223,0.12297,0.17523,0.12985,0.13397,0.15925,0.15383,0.13673,0.11511,0.12027
0.14167,0.12235,0.1749,0.12933,0.13343,0.15893,0.15335,0.13621,0.11453,0.11968
0.14108,0.12169,0.17453,0.12876,0.13284,0.15856,0.15283,0.13565,0.1139,0.11904
0.14044,0.121,0.17412,0.12816,0.13222,0.15815,0.15226,0.13504,0.11323,0.11836
0.13978,0.12028,0.17367,0.12752,0.13157,0.1577,0.15167,0.13441,0.11254,0.11766
0.13911,0.11954,0.1732,0.12687,0.13089,0.15723,0.15105,0.13376,0.11182,0.11693
0.13841,0.11879,0.17271,0.12619,0.1302,0.15673,0.15041,0.13309,0.1111,0.1162
0.1377,0.11803,0.1722,0.12551,0.1295,0.15621,0.14976,0.1324,0.11036,0.11545
0.13699,0.11727,0.17168,0.12481,0.12879,0.15568,0.1491,0.13171,0.10961,0.1147
0.13627,0.1165,0.17115,0.12411,0.12807,0.15514,0.14843,0.13101,0.10886,0.11394
0.13555,0.11573,0.17061,0.1234,0.12735,0.15459,0.14776,0.13031,0.10811,0.11319
0.13483,0.11496,0.17007,0.1227,0.12663,0.15403,0.14708,0.12961,0.10736,0.11243
0.13411,0.11419,0.16952,0.12199,0.12591,0.15347,0.1464,0.1289,0.10661,0.11168
0.13339,0.11343,0.16896,0.12128,0.12518,0.1529,0.14572,0.1282,0.10587,0.11093
0.13267,0.11267,0.16841,0.12058,0.12447,0.15234,0.14504,0.12749,0.10512,0.11018
0.13196,0.11191,0.16785,0.11987,0.12375,0.15177,0.14436,0.12679,0.10439,0.10944
0.13125,0.11116,0.1673,0.11917,0.12304,0.1512,0.14369,0.1261,0.10366,0.1087
0.13054,0.11041,0.16674,0.11848,0.12233,0.15063,0.14301,0.1254,0.10293,0.10797
0.12984,0.10967,0.16619,0.11779,0.12162,0.15006,0.14234,0.12471,0.10221,0.10724
0.12914,0.10894,0.16563,0.1171,0.12092,0.14949,0.14167,0.12403,0.1015,0.10652
0.12845,0.10821,0.16508,0.11642,0.12023,0.14892,0.14101,0.12334,0.10079,0.10581
0.12776,0.10749,0.16453,0.11574,0.11954,0.14836,0.14034,0.12267,0.10009,0.1051
0.12708,0.10677,0.16398,0.11507,0.11885,0.14779,0.13969,0.12199,0.0994,0.1044
0.1264,0.10606,0.16343,0.1144,0.11817,0.14723,0.13903,0.12132,0.098714,0.1037
0.12573,0.10536,0.16288,0.11374,0.11749,0.14667,0.13838,0.12066,0.098034,0.10302
0.12506,0.10466,0.16233,0.11309,0.11682,0.14611,0.13773,0.12,0.097362,0.10233
0.1244,0.10397,0.16179,0.11243,0.11615,0.14556,0.13709,0.11934,0.096697,0.10166
0.12374,0.10329,0.16125,0.11179,0.11549,0.145,0.13645,0.11869,0.096038,0.10099
0.12309,0.10261,0.16071,0.11115,0.11484,0.14445,0.13582,0.11805,0.095387,0.10033
0.12244,0.10194,0.16017,0.11051,0.11419,0.14391,0.13519,0.11741,0.094742,0.099675
0.1218,0.10127,0.15964,0.10988,0.11354,0.14336,0.13456,0.11677,0.094104,0.099026
0.12116,0.10061,0.1591,0.10926,0.1129,0.14282,0.13393,0.11614,0.093472,0.098384
0.12053,0.099959,0.15857,0.10864,0.11226,0.14228,0.13332,0.11551,0.092848,0.097748
0.11991,0.099312,0.15804,0.10802,0.11163,0.14174,0.1327,0.11489,0.09223,0.097119
0.11929,0.098671,0.15752,0.10741,0.11101,0.1412,0.13209,0.11427,0.091618,0.096496
0.11867,0.098036,0.15699,0.10681,0.11039,0.14067,0.13148,0.11366,0.091013,0.095879
0.11806,0.097407,0.15647,0.10621,0.10977,0.14014,0.13088,0.11305,0.090415,0.095268
0.11745,0.096784,0.15595,0.10562,0.10916,0.13962,0.13028,0.11245,0.089823,0.094663
0.11685,0.096167,0.15543,0.10503,0.10855,0.13909,0.12968,0.11185,0.089237,0.094064
0.11626,0.095555,0.15491,0.10445,0.10795,0.13857,0.12909,0.11126,0.088657,0.093472
0.11567,0.094949,0.1544,0.10387,0.10736,0.13805,0.1285,0.11067,0.088084,0.092885
0.11508,0.094349,0.15389,0.10329,0.10676,0.13753,0.12792,0.11008,0.087517,0.092304
0.1145,0.093755,0.15338,0.10272,0.10618,0.13702,0.12734,0.1095,0.086956,0.091729
0.11392,0.093166,0.15287,0.10216,0.10559,0.13651,0.12676,0.10892,0.0864,0.09116
0.11335,0.092583,0.15237,0.1016,0.10502,0.136,0.12619,0.10835,0.085851,0.090597
0.11278,0.092005,0.15186,0.10105,0.10444,0.13549,0.12562,0.10778,0.085308,0.090039
0.11222,0.091433,0.15136,0.1005,0.10387,0.13499,0.12506,0.10722,0.08477,0.089486
0.11166,0.090866,0.15087,0.099951,0.10331,0.13449,0.1245,0.10666,0.084239,0.08894
0.11111,0.090304,0.15037,0.09941,0.10275,0.13399,0.12394,0.1061,0.083712,0.088398
0.11056,0.089748,0.14987,0.098875,0.1022,0.13349,0.12338,0.10555,0.083192,0.087863
0.11002,0.089197,0.14938,0.098343,0.10165,0.133,0.12283,0.10501,0.082677,0.087332
0.10948,0.088651,0.14889,0.097817,0.1011,0.13251,0.12229,0.10446,0.082168,0.086807
0.10894,0.08811,0.1484,0.097294,0.10056,0.13202,0.12174,0.10393,0.081664,0.086287
0.10841,0.087575,0.14792,0.096776,0.10002,0.13153,0.1212,0.10339,0.081165,0.085773
0.10788,0.087044,0.14743,0.096263,0.099487,0.13105,0.12067,0.10286,0.080672,0.085263
0.10736,0.086519,0.14695,0.095754,0.098959,0.13057,0.12013,0.10233,0.080184,0.084759
0.10684,0.085998,0.14647,0.095249,0.098434,0.13009,0.11961,0.10181,0.079702,0.08426
0.10633,0.085482,0.146,0.094749,0.097913,0.12961,0.11908,0.10129,0.079224,0.083765
0.10582,0.084971,0.14552,0.094253,0.097397,0.12914,0.11856,0.10078,0.078752,0.083276
0.10532,0.084465,0.14505,0.093761,0.096885,0.12867,0.11804,0.10027,0.078285,0.082792
0.10481,0.083964,0.14457,0.093274,0.096377,0.1282,0.11752,0.099762,0.077822,0.082312
0.10432,0.083467,0.1441,0.09279,0.095873,0.12773,0.11701,0.099259,0.077365,0.081837
0.10382,0.082975,0.14364,0.092311,0.095373,0.12727,0.1165,0.09876,0.076912,0.081368
0.10334,0.082488,0.14317,0.091835,0.094877,0.12681,0.116,0.098265,0.076465,0.080902
0.10285,0.082005,0.14271,0.091364,0.094385,0.12635,0.11549,0.097773,0.076022,0.080442
0.10237,0.081527,0.14225,0.090897,0.093896,0.12589,0.115,0.097286,0.075584,0.079986
0.10189,0.081054,0.14179,0.090434,0.093412,0.12543,0.1145,0.096802,0.075151,0.079534
0.10142,0.080584,0.14133,0.089975,0.092932,0.12498,0.11401,0.096321,0.074722,0.079088
0.10095,0.08012,0.14087,0.089519,0.092455,0.12453,0.11352,0.095845,0.074298,0.078645
0.10049,0.079659,0.14042,0.089068,0.091983,0.12408,0.11303,0.095371,0.073878,0.078207
0.10002,0.079203,0.13997,0.08862,0.091514,0.12364,0.11255,0.094902,0.073463,0.077774
0.099567,0.078751,0.13952,0.088176,0.091048,0.12319,0.11207,0.094436,0.073052,0.077345
0.099113,0.078304,0.13907,0.087737,0.090587,0.12275,0.11159,0.093973,0.072646,0.07692
0.098663,0.077861,0.13862,0.0873,0.090129,0.12231,0.11112,0.093515,0.072244,0.076499
0.098216,0.077421,0.13818,0.086868,0.089675,0.12187,0.11065,0.093059,0.071847,0.076083
0.097773,0.076987,0.13774,0.086439,0.089225,0.12144,0.11018,0.092607,0.071453,0.075671
0.097334,0.076556,0.1373,0.086014,0.088778,0.12101,0.10972,0.092159,0.071064,0.075263
0.096899,0.076129,0.13686,0.085592,0.088334,0.12058,0.10926,0.091713,0.070679,0.074859
0.096467,0.075706,0.13642,0.085174,0.087895,0.12015,0.1088,0.091272,0.070298,0.074459
0.096038,0.075287,0.13598,0.08476,0.087458,0.11972,0.10835,0.090833,0.069922,0.074063
0.095613,0.074872,0.13555,0.084349,0.087026,0.1193,0.10789,0.090398,0.069549,0.073671
0.095192,0.074461,0.13512,0.083942,0.086596,0.11888,0.10744,0.089966,0.06918,0.073284
0.094774,0.074054,0.13469,0.083538,0.08617,0.11846,0.107,0.089538,0.068815,0.0729
0.09436,0.073651,0.13426,0.083138,0.085748,0.11804,0.10656,0.089112,0.068454,0.072519
0.093948,0.073251,0.13384,0.082741,0.085329,0.11762,0.10612,0.08869,0.068097,0.072143
0.093541,0.072856,0.13341,0.082347,0.084913,0.11721,0.10568,0.088271,0.067744,0.07177
0.093136,0.072464,0.13299,0.081957,0.0845,0.1168,0.10524,0.087856,0.067395,0.071402
0.092735,0.072075,0.13257,0.08157,0.084091,0.11639,0.10481,0.087443,0.067049,0.071036
0.092338,0.071691,0.13215,0.081187,0.083685,0.11598,0.10438,0.087034,0.066707,0.070675
0.091943,0.07131,0.13174,0.080806,0.083283,0.11558,0.10396,0.086627,0.066369,0.070317
0.091552,0.070932,0.13132,0.080429,0.082883,0.11518,0.10353,0.086224,0.066034,0.069963
0.091164,0.070558,0.13091,0.080055,0.082487,0.11477,0.10311,0.085824,0.065703,0.069612
0.090779,0.070188,0.1305,0.079685,0.082094,0.11438,0.1027,0.085427,0.065376,0.069265
0.090397,0.069821,0.13009,0.079317,0.081704,0.11398,0.10228,0.085033,0.065052,0.068921
0.090019,0.069458,0.12968,0.078953,0.081317,0.11358,0.10187,0.084642,0.064731,0.068581
0.089643,0.069098,0.12927,0.078592,0.080934,0.11319,0.10146,0.084253,0.064414,0.068244
0.089271,0.068741,0.12887,0.078233,0.080553,0.1128,0.10105,0.083868,0.0641,0.067911
0.088902,0.068388,0.12847,0.077878,0.080175,0.11241,0.10065,0.083486,0.06379,0.067581
0.088902,0.068388,0.12847,0.077878,0.080175,0.11241,0.10065,0.083486,0.06379,0.067581
0.089303,0.068803,0.1289,0.078227,0.080562,0.11275,0.10103,0.08387,0.064146,0.067966
0.092451,0.07198,0.13221,0.081113,0.083683,0.11565,0.10421,0.08699,0.066933,0.070939
0.098042,0.077647,0.1379,0.086302,0.089253,0.12076,0.10984,0.092543,0.071967,0.07627
0.10491,0.084641,0.14472,0.092745,0.096117,0.12698,0.11676,0.099372,0.078262,0.082886
0.11203,0.09192,0.15166,0.099491,0.10325,0.1334,0.12392,0.10646,0.084896,0.089809
0.11873,0.098792,0.15809,0.1059,0.10999,0.13945,0.13066,0.11314,0.091237,0.096381
0.12466,0.10488,0.16374,0.11164,0.11597,0.14482,0.13663,0.11906,0.096927,0.10224
0.12968,0.11005,0.16852,0.11654,0.12106,0.14943,0.14171,0.12409,0.10181,0.10723
0.1338,0.11428,0.17246,0.12061,0.12524,0.15326,0.1459,0.12824,0.10586,0.11135
0.13709,0.11765,0.17564,0.12389,0.1286,0.15639,0.14926,0.13156,0.10912,0.11464
0.13965,0.12025,0.17816,0.12647,0.13121,0.15889,0.1519,0.13415,0.11167,0.1172
0.14158,0.12221,0.18011,0.12844,0.1332,0.16086,0.15393,0.13613,0.11361,0.11914
0.14299,0.12362,0.1816,0.12991,0.13466,0.16237,0.15543,0.13758,0.11504,0.12054
0.14397,0.12458,0.1827,0.13095,0.13568,0.1635,0.15651,0.13861,0.11603,0.12151
0.14459,0.12517,0.18348,0.13164,0.13634,0.16432,0.15723,0.13928,0.11666,0.12212
0.14493,0.12547,0.184,0.13204,0.13672,0.16487,0.15767,0.13967,0.11701,0.12244
0.14504,0.12553,0.1843,0.13221,0.13686,0.16521,0.15787,0.13982,0.11712,0.12252
0.14497,0.1254,0.18443,0.1322,0.13681,0.16537,0.15789,0.13979,0.11704,0.12242
0.14475,0.12512,0.18442,0.13203,0.13661,0.16538,0.15776,0.13961,0.1168,0.12216
0.14441,0.12473,0.18429,0.13174,0.13629,0.16528,0.1575,0.13931,0.11645,0.12179
0.14398,0.12424,0.18407,0.13135,0.13588,0.16508,0.15715,0.13892,0.11599,0.12132
0.14347,0.12367,0.18377,0.13089,0.13538,0.1648,0.15671,0.13844,0.11547,0.12077
0.14291,0.12305,0.18341,0.13036,0.13483,0.16445,0.15622,0.13791,0.11488,0.12017
0.1423,0.12238,0.183,0.12979,0.13423,0.16406,0.15568,0.13733,0.11424,0.11953
0.14166,0.12168,0.18255,0.12917,0.1336,0.16361,0.15509,0.13672,0.11357,0.11884
0.14099,0.12096,0.18207,0.12853,0.13293,0.16314,0.15448,0.13607,0.11288,0.11814
0.1403,0.12021,0.18156,0.12786,0.13225,0.16263,0.15384,0.1354,0.11216,0.11741
0.1396,0.11946,0.18104,0.12718,0.13154,0.16211,0.15319,0.13472,0.11142,0.11667
0.13888,0.11869,0.18049,0.12649,0.13083,0.16156,0.15252,0.13403,0.11068,0.11592
0.13816,0.11792,0.17994,0.12578,0.13011,0.16101,0.15184,0.13332,0.10993,0.11516
0.13743,0.11714,0.17937,0.12507,0.12938,0.16044,0.15115,0.13261,0.10918,0.1144
0.1367,0.11637,0.1788,0.12436,0.12865,0.15986,0.15046,0.1319,0.10843,0.11364
0.13597,0.11559,0.17822,0.12364,0.12792,0.15928,0.14976,0.13118,0.10767,0.11288
0.13524,0.11482,0.17763,0.12293,0.12719,0.15869,0.14907,0.13046,0.10692,0.11212
0.13451,0.11405,0.17705,0.12221,0.12645,0.1581,0.14837,0.12975,0.10617,0.11136
0.13378,0.11328,0.17646,0.1215,0.12573,0.1575,0.14767,0.12903,0.10543,0.11061
0.13306,0.11252,0.17587,0.12079,0.125,0.15691,0.14698,0.12832,0.10469,0.10987
0.13234,0.11176,0.17528,0.12008,0.12428,0.15631,0.14628,0.12761,0.10395,0.10912
0.13163,0.11101,0.17469,0.11938,0.12356,0.15571,0.14559,0.12691,0.10322,0.10839
0.13091,0.11027,0.1741,0.11868,0.12284,0.15512,0.1449,0.1262,0.1025,0.10766
0.13021,0.10953,0.17351,0.11799,0.12213,0.15452,0.14422,0.12551,0.10179,0.10693
0.12951,0.10879,0.17292,0.1173,0.12143,0.15393,0.14354,0.12481,0.10108,0.10622
0.12881,0.10806,0.17234,0.11661,0.12073,0.15334,0.14286,0.12412,0.10037,0.1055
0.12812,0.10734,0.17175,0.11593,0.12003,0.15275,0.14218,0.12344,0.099677,0.1048
0.12743,0.10663,0.17117,0.11526,0.11934,0.15216,0.14151,0.12276,0.098988,0.1041
0.12675,0.10592,0.17059,0.11459,0.11865,0.15158,0.14084,0.12208,0.098306,0.10341
0.12607,0.10522,0.17001,0.11393,0.11797,0.151,0.14018,0.12141,0.097631,0.10272
0.1254,0.10452,0.16943,0.11327,0.1173,0.15042,0.13952,0.12075,0.096963,0.10204
0.12474,0.10383,0.16886,0.11261,0.11663,0.14984,0.13887,0.12009,0.096301,0.10137
0.12408,0.10315,0.16829,0.11197,0.11596,0.14926,0.13822,0.11943,0.095647,0.10071
0.12342,0.10247,0.16772,0.11132,0.1153,0.14869,0.13757,0.11878,0.094999,0.10005
0.12277,0.1018,0.16715,0.11069,0.11465,0.14812,0.13693,0.11813,0.094358,0.099396
0.12213,0.10114,0.16659,0.11006,0.114,0.14756,0.13629,0.11749,0.093724,0.09875
0.12149,0.10048,0.16602,0.10943,0.11335,0.14699,0.13565,0.11685,0.093097,0.098111
0.12086,0.099827,0.16546,0.10881,0.11271,0.14643,0.13502,0.11622,0.092476,0.097478
0.12023,0.099181,0.1649,0.10819,0.11208,0.14587,0.1344,0.11559,0.091862,0.096851
0.1196,0.098541,0.16435,0.10758,0.11145,0.14532,0.13377,0.11497,0.091254,0.09623
0.11899,0.097907,0.16379,0.10698,0.11083,0.14476,0.13316,0.11435,0.090653,0.095616
0.11837,0.097279,0.16324,0.10638,0.11021,0.14421,0.13254,0.11374,0.090059,0.095008
0.11776,0.096658,0.16269,0.10578,0.10959,0.14366,0.13193,0.11313,0.08947,0.094406
0.11716,0.096041,0.16215,0.10519,0.10898,0.14312,0.13132,0.11253,0.088888,0.093809
0.11656,0.095431,0.1616,0.10461,0.10838,0.14258,0.13072,0.11193,0.088312,0.093219
0.11597,0.094827,0.16106,0.10403,0.10778,0.14204,0.13012,0.11133,0.087743,0.092635
0.11538,0.094228,0.16052,0.10345,0.10718,0.1415,0.12953,0.11074,0.087179,0.092057
0.1148,0.093634,0.15998,0.10288,0.10659,0.14097,0.12894,0.11016,0.086622,0.091484
0.11422,0.093047,0.15945,0.10231,0.10601,0.14044,0.12835,0.10957,0.08607,0.090918
0.11364,0.092465,0.15891,0.10175,0.10543,0.13991,0.12777,0.109,0.085524,0.090356
0.11307,0.091888,0.15838,0.1012,0.10485,0.13938,0.12719,0.10842,0.084985,0.089801
0.11251,0.091317,0.15785,0.10065,0.10428,0.13886,0.12661,0.10786,0.08445,0.089251
0.11195,0.090751,0.15733,0.1001,0.10371,0.13834,0.12604,0.10729,0.083922,0.088707
0.11139,0.090191,0.1568,0.099559,0.10315,0.13782,0.12547,0.10673,0.083399,0.088168
0.11084,0.089635,0.15628,0.099021,0.10259,0.1373,0.12491,0.10618,0.082882,0.087634
0.1103,0.089085,0.15576,0.098489,0.10204,0.13679,0.12435,0.10562,0.082371,0.087106
0.10975,0.08854,0.15525,0.097961,0.10149,0.13628,0.12379,0.10508,0.081865,0.086583
0.10922,0.088001,0.15473,0.097437,0.10094,0.13577,0.12324,0.10453,0.081364,0.086066
0.10868,0.087466,0.15422,0.096918,0.1004,0.13527,0.12269,0.104,0.080869,0.085553
0.10815,0.086937,0.15371,0.096404,0.099865,0.13476,0.12214,0.10346,0.080379,0.085046
0.10763,0.086412,0.1532,0.095894,0.099333,0.13426,0.1216,0.10293,0.079894,0.084544
0.10711,0.085892,0.15269,0.095388,0.098806,0.13377,0.12106,0.1024,0.079415,0.084047
0.10659,0.085378,0.15219,0.094886,0.098282,0.13327,0.12053,0.10188,0.07894,0.083555
0.10608,0.084868,0.15169,0.094389,0.097763,0.13278,0.12,0.10136,0.078471,0.083068
0.10557,0.084363,0.15119,0.093896,0.097248,0.13229,0.11947,0.10085,0.078007,0.082585
0.10507,0.083862,0.15069,0.093407,0.096737,0.1318,0.11894,0.10033,0.077547,0.082108
0.10457,0.083367,0.15019,0.092923,0.09623,0.13132,0.11842,0.099828,0.077093,0.081635
0.10408,0.082876,0.1497,0.092442,0.095727,0.13083,0.1179,0.099324,0.076643,0.081167
0.10359,0.082389,0.14921,0.091966,0.095228,0.13035,0.11739,0.098825,0.076199,0.080704
0.1031,0.081908,0.14872,0.091493,0.094733,0.12988,0.11688,0.098329,0.075759,0.080246
0.10262,0.08143,0.14823,0.091025,0.094242,0.1294,0.11637,0.097837,0.075323,0.079792
0.10214,0.080958,0.14774,0.090561,0.093755,0.12893,0.11587,0.097349,0.074893,0.079342
0.10166,0.080489,0.14726,0.0901,0.093272,0.12846,0.11536,0.096865,0.074467,0.078897
0.10119,0.080025,0.14678,0.089644,0.092793,0.12799,0.11487,0.096384,0.074045,0.078457
0.10072,0.079566,0.1463,0.089192,0.092317,0.12752,0.11437,0.095906,0.073628,0.078021
0.10026,0.079111,0.14582,0.088743,0.091846,0.12706,0.11388,0.095433,0.073216,0.077589
0.099802,0.07866,0.14535,0.088298,0.091378,0.1266,0.11339,0.094963,0.072808,0.077162
0.099346,0.078213,0.14488,0.087857,0.090914,0.12614,0.11291,0.094496,0.072404,0.076739
0.098894,0.077771,0.14441,0.08742,0.090454,0.12568,0.11243,0.094034,0.072005,0.07632
0.098445,0.077332,0.14394,0.086986,0.089997,0.12523,0.11195,0.093574,0.07161,0.075906
0.098001,0.076898,0.14347,0.086557,0.089544,0.12478,0.11147,0.093118,0.071219,0.075495
0.09756,0.076468,0.143,0.08613,0.089094,0.12433,0.111,0.092666,0.070833,0.075089
0.097122,0.076042,0.14254,0.085708,0.088648,0.12388,0.11053,0.092217,0.07045,0.074687
0.096688,0.07562,0.14208,0.085289,0.088206,0.12344,0.11006,0.091771,0.070072,0.074289
0.096258,0.075202,0.14162,0.084874,0.087767,0.12299,0.1096,0.091329,0.069697,0.073895
0.095831,0.074788,0.14116,0.084462,0.087332,0.12255,0.10914,0.09089,0.069327,0.073505
0.095408,0.074378,0.14071,0.084054,0.0869,0.12211,0.10868,0.090454,0.068961,0.073118
0.094989,0.073972,0.14026,0.083649,0.086472,0.12168,0.10823,0.090022,0.068598,0.072736
0.094572,0.073569,0.1398,0.083247,0.086047,0.12124,0.10778,0.089593,0.06824,0.072357
0.094159,0.07317,0.13936,0.08285,0.085626,0.12081,0.10733,0.089168,0.067885,0.071983
0.09375,0.072775,0.13891,0.082455,0.085207,0.12038,0.10688,0.088745,0.067534,0.071612
0.093344,0.072384,0.13846,0.082064,0.084793,0.11996,0.10644,0.088326,0.067187,0.071244
0.092941,0.071997,0.13802,0.081676,0.084381,0.11953,0.106,0.08791,0.066844,0.070881
0.092542,0.071613,0.13758,0.081292,0.083973,0.11911,0.10556,0.087497,0.066504,0.070521
0.092145,0.071233,0.13714,0.08091,0.083568,0.11869,0.10513,0.087087,0.066168,0.070165
0.091753,0.070856,0.1367,0.080533,0.083166,0.11827,0.1047,0.08668,0.065835,0.069812
0.091363,0.070483,0.13626,0.080158,0.082768,0.11785,0.10427,0.086276,0.065506,0.069463
0.090976,0.070113,0.13583,0.079786,0.082372,0.11744,0.10385,0.085876,0.065181,0.069117
0.090593,0.069747,0.1354,0.079418,0.08198,0.11703,0.10342,0.085478,0.064859,0.068775
0.090213,0.069384,0.13497,0.079053,0.081591,0.11662,0.103,0.085084,0.06454,0.068436
0.089836,0.069025,0.13454,0.078691,0.081205,0.11621,0.10259,0.084692,0.064225,0.068101
0.089462,0.068669,0.13411,0.078332,0.080823,0.1158,0.10217,0.084304,0.063914,0.067769
0.089462,0.068669,0.13411,0.078332,0.080823,0.1158,0.10217,0.084304,0.063914,0.067769
0.089858,0.069082,0.13452,0.078676,0.081204,0.11612,0.10254,0.084682,0.064269,0.068153
0.093002,0.072256,0.1378,0.081558,0.08432,0.11901,0.10571,0.087796,0.067054,0.071124
0.098589,0.07792,0.14348,0.086744,0.089884,0.1241,0.11134,0.093343,0.072087,0.076453
0.10545,0.084911,0.15027,0.093183,0.096744,0.1303,0.11825,0.10017,0.07838,0.083067
0.11257,0.092188,0.15718,0.099925,0.10388,0.13671,0.1254,0.10725,0.085014,0.089988
0.11926,0.099057,0.16359,0.10633,0.11061,0.14274,0.13213,0.11392,0.091353,0.096558
0.12519,0.10515,0.16922,0.11206,0.11659,0.14809,0.13809,0.11984,0.097042,0.10241
0.13021,0.11031,0.17397,0.11697,0.12167,0.15268,0.14316,0.12486,0.10192,0.10741
0.13432,0.11454,0.17789,0.12103,0.12585,0.1565,0.14733,0.129,0.10597,0.11152
0.13761,0.1179,0.18105,0.1243,0.12919,0.15961,0.15069,0.13232,0.10923,0.11481
0.14016,0.12051,0.18354,0.12688,0.1318,0.1621,0.15332,0.1349,0.11178,0.11737
0.14209,0.12246,0.18548,0.12885,0.13379,0.16405,0.15534,0.13687,0.11372,0.1193
0.14349,0.12386,0.18694,0.13031,0.13524,0.16554,0.15683,0.13832,0.11514,0.12071
0.14446,0.12482,0.18802,0.13135,0.13626,0.16666,0.1579,0.13934,0.11613,0.12167
0.14509,0.12541,0.18878,0.13204,0.13692,0.16746,0.15861,0.14001,0.11677,0.12228
0.14542,0.12571,0.18927,0.13244,0.13729,0.168,0.15904,0.14039,0.11711,0.1226
0.14553,0.12577,0.18955,0.13261,0.13742,0.16832,0.15924,0.14054,0.11722,0.12268
0.14545,0.12564,0.18966,0.13259,0.13737,0.16846,0.15925,0.14051,0.11714,0.12258
0.14523,0.12536,0.18962,0.13242,0.13717,0.16846,0.1591,0.14032,0.1169,0.12232
0.14489,0.12496,0.18947,0.13212,0.13684,0.16834,0.15884,0.14001,0.11655,0.12194
0.14445,0.12447,0.18923,0.13173,0.13642,0.16813,0.15847,0.13961,0.11609,0.12147
0.14394,0.1239,0.18891,0.13126,0.13593,0.16783,0.15803,0.13914,0.11556,0.12093
0.14337,0.12327,0.18853,0.13073,0.13537,0.16747,0.15753,0.1386,0.11497,0.12032
0.14276,0.12261,0.1881,0.13015,0.13477,0.16706,0.15698,0.13801,0.11434,0.11967
0.14212,0.1219,0.18762,0.12954,0.13413,0.1666,0.15639,0.13739,0.11367,0.11899
0.14144,0.12118,0.18712,0.12889,0.13346,0.16611,0.15577,0.13674,0.11297,0.11828
0.14075,0.12043,0.18659,0.12822,0.13277,0.16559,0.15512,0.13607,0.11225,0.11755
0.14004,0.11967,0.18604,0.12754,0.13206,0.16505,0.15446,0.13538,0.11152,0.11681
0.13932,0.1189,0.18548,0.12684,0.13134,0.16449,0.15378,0.13468,0.11077,0.11606
0.1386,0.11813,0.1849,0.12613,0.13062,0.16392,0.15309,0.13397,0.11002,0.1153
0.13787,0.11735,0.18431,0.12542,0.12989,0.16333,0.1524,0.13326,0.10927,0.11454
0.13713,0.11657,0.18372,0.1247,0.12915,0.16274,0.1517,0.13254,0.10851,0.11378
0.1364,0.1158,0.18312,0.12398,0.12841,0.16214,0.15099,0.13182,0.10776,0.11301
0.13566,0.11502,0.18251,0.12327,0.12768,0.16154,0.15029,0.1311,0.10701,0.11225
0.13493,0.11425,0.18191,0.12255,0.12694,0.16093,0.14958,0.13037,0.10626,0.1115
0.1342,0.11348,0.1813,0.12183,0.12621,0.16032,0.14888,0.12966,0.10551,0.11074
0.13347,0.11272,0.18069,0.12112,0.12548,0.15971,0.14817,0.12894,0.10477,0.11
0.13275,0.11196,0.18008,0.12041,0.12475,0.1591,0.14747,0.12822,0.10404,0.10925
0.13203,0.11121,0.17947,0.1197,0.12403,0.15849,0.14677,0.12751,0.10331,0.10851
0.13132,0.11046,0.17886,0.119,0.12331,0.15789,0.14608,0.12681,0.10258,0.10778
0.13061,0.10972,0.17825,0.11831,0.1226,0.15728,0.14538,0.12611,0.10187,0.10706
0.1299,0.10898,0.17764,0.11761,0.12189,0.15667,0.14469,0.12541,0.10115,0.10634
0.1292,0.10825,0.17703,0.11693,0.12119,0.15607,0.14401,0.12471,0.10045,0.10563
0.12851,0.10753,0.17643,0.11624,0.12049,0.15546,0.14333,0.12402,0.099754,0.10492
0.12782,0.10681,0.17583,0.11557,0.11979,0.15486,0.14265,0.12334,0.099064,0.10422
0.12713,0.1061,0.17523,0.1149,0.1191,0.15426,0.14197,0.12266,0.098381,0.10353
0.12645,0.1054,0.17463,0.11423,0.11842,0.15367,0.1413,0.12199,0.097705,0.10284
0.12578,0.1047,0.17403,0.11357,0.11774,0.15307,0.14064,0.12132,0.097036,0.10216
0.12511,0.10401,0.17344,0.11291,0.11706,0.15248,0.13997,0.12065,0.096374,0.10149
0.12445,0.10332,0.17285,0.11226,0.1164,0.15189,0.13931,0.11999,0.095719,0.10082
0.12379,0.10264,0.17226,0.11162,0.11573,0.15131,0.13866,0.11933,0.09507,0.10016
0.12314,0.10197,0.17167,0.11098,0.11507,0.15073,0.13801,0.11868,0.094429,0.099507
0.12249,0.10131,0.17109,0.11034,0.11442,0.15015,0.13736,0.11804,0.093794,0.09886
0.12185,0.10065,0.1705,0.10971,0.11377,0.14957,0.13672,0.1174,0.093166,0.09822
0.12121,0.099994,0.16992,0.10909,0.11313,0.14899,0.13609,0.11676,0.092544,0.097586
0.12058,0.099346,0.16935,0.10847,0.11249,0.14842,0.13545,0.11613,0.09193,0.096958
0.11995,0.098705,0.16877,0.10786,0.11186,0.14785,0.13482,0.1155,0.091321,0.096336
0.11933,0.09807,0.1682,0.10725,0.11123,0.14729,0.1342,0.11488,0.09072,0.095721
0.11872,0.09744,0.16763,0.10665,0.11061,0.14672,0.13358,0.11426,0.090124,0.095111
0.11811,0.096817,0.16706,0.10605,0.10999,0.14616,0.13296,0.11365,0.089535,0.094508
0.1175,0.096199,0.1665,0.10546,0.10938,0.14561,0.13235,0.11304,0.088952,0.093911
0.1169,0.095587,0.16593,0.10487,0.10877,0.14505,0.13174,0.11244,0.088376,0.09332
0.1163,0.094981,0.16537,0.10429,0.10817,0.1445,0.13113,0.11184,0.087806,0.092735
0.11571,0.094381,0.16481,0.10371,0.10757,0.14395,0.13053,0.11124,0.087241,0.092155
0.11512,0.093786,0.16426,0.10314,0.10698,0.1434,0.12993,0.11065,0.086683,0.091582
0.11454,0.093197,0.1637,0.10257,0.10639,0.14286,0.12934,0.11007,0.086131,0.091014
0.11397,0.092614,0.16315,0.10201,0.1058,0.14232,0.12875,0.10949,0.085585,0.090452
0.11339,0.092036,0.1626,0.10145,0.10522,0.14178,0.12817,0.10891,0.085044,0.089896
0.11283,0.091463,0.16206,0.1009,0.10465,0.14124,0.12758,0.10834,0.084509,0.089345
0.11226,0.090896,0.16151,0.10035,0.10408,0.14071,0.12701,0.10777,0.08398,0.0888
0.11171,0.090334,0.16097,0.099805,0.10351,0.14018,0.12643,0.10721,0.083457,0.08826
0.11115,0.089777,0.16043,0.099266,0.10295,0.13965,0.12586,0.10665,0.082939,0.087725
0.1106,0.089226,0.15989,0.098731,0.1024,0.13913,0.12529,0.10609,0.082427,0.087196
0.11006,0.08868,0.15936,0.098201,0.10184,0.13861,0.12473,0.10554,0.081921,0.086673
0.10952,0.088139,0.15883,0.097676,0.1013,0.13809,0.12417,0.105,0.081419,0.086154
0.10898,0.087603,0.1583,0.097155,0.10075,0.13757,0.12362,0.10445,0.080923,0.085641
0.10845,0.087072,0.15777,0.096638,0.10021,0.13706,0.12306,0.10392,0.080433,0.085133
0.10792,0.086546,0.15724,0.096126,0.099679,0.13654,0.12252,0.10338,0.079948,0.08463
0.1074,0.086025,0.15672,0.095618,0.099149,0.13603,0.12197,0.10285,0.079467,0.084132
0.10688,0.085509,0.1562,0.095114,0.098623,0.13553,0.12143,0.10232,0.078992,0.083639
0.10637,0.084998,0.15568,0.094615,0.098101,0.13502,0.12089,0.1018,0.078523,0.083151
0.10586,0.084492,0.15516,0.09412,0.097583,0.13452,0.12036,0.10128,0.078058,0.082668
0.10535,0.08399,0.15465,0.09363,0.097069,0.13402,0.11983,0.10077,0.077598,0.082189
0.10485,0.083493,0.15413,0.093143,0.09656,0.13353,0.1193,0.10026,0.077143,0.081716
0.10436,0.083001,0.15362,0.092661,0.096054,0.13303,0.11878,0.099753,0.076693,0.081247
0.10386,0.082514,0.15312,0.092183,0.095553,0.13254,0.11826,0.09925,0.076248,0.080783
0.10337,0.082031,0.15261,0.091708,0.095055,0.13205,0.11774,0.098751,0.075807,0.080324
0.10289,0.081552,0.15211,0.091238,0.094562,0.13157,0.11723,0.098256,0.075371,0.079869
0.10241,0.081079,0.1516,0.090772,0.094072,0.13108,0.11672,0.097765,0.07494,0.079419
0.10193,0.080609,0.1511,0.09031,0.093587,0.1306,0.11621,0.097277,0.074514,0.078973
0.10146,0.080144,0.15061,0.089852,0.093105,0.13012,0.11571,0.096793,0.074092,0.078532
0.10099,0.079684,0.15011,0.089398,0.092627,0.12965,0.11521,0.096313,0.073674,0.078095
0.10052,0.079227,0.14962,0.088947,0.092153,0.12917,0.11471,0.095836,0.073262,0.077663
0.10006,0.078775,0.14913,0.088501,0.091682,0.1287,0.11421,0.095363,0.072853,0.077235
0.099602,0.078328,0.14864,0.088058,0.091216,0.12823,0.11372,0.094893,0.072449,0.076811
0.099147,0.077884,0.14815,0.087619,0.090753,0.12776,0.11324,0.094427,0.072049,0.076392
0.098697,0.077445,0.14767,0.087184,0.090294,0.1273,0.11275,0.093965,0.071654,0.075976
0.09825,0.077009,0.14718,0.086752,0.089839,0.12684,0.11227,0.093506,0.071262,0.075565
0.097807,0.076578,0.1467,0.086324,0.089387,0.12638,0.11179,0.093051,0.070875,0.075158
0.097368,0.076151,0.14622,0.0859,0.088939,0.12592,0.11132,0.092599,0.070492,0.074756
0.096932,0.075728,0.14575,0.08548,0.088494,0.12546,0.11085,0.09215,0.070113,0.074357
0.0965,0.075309,0.14527,0.085063,0.088053,0.12501,0.11038,0.091705,0.069739,0.073962
0.096071,0.074894,0.1448,0.084649,0.087615,0.12456,0.10991,0.091264,0.069368,0.073571
0.095646,0.074483,0.14433,0.084239,0.087181,0.12411,0.10945,0.090825,0.069001,0.073184
0.095224,0.074076,0.14386,0.083833,0.086751,0.12367,0.10899,0.09039,0.068638,0.072801
0.094806,0.073672,0.14339,0.08343,0.086324,0.12322,0.10854,0.089958,0.068279,0.072422
0.094391,0.073273,0.14293,0.083031,0.0859,0.12278,0.10808,0.08953,0.067924,0.072047
0.09398,0.072877,0.14247,0.082635,0.08548,0.12234,0.10763,0.089105,0.067573,0.071675
0.093572,0.072484,0.14201,0.082242,0.085063,0.1219,0.10719,0.088683,0.067225,0.071307
0.093167,0.072096,0.14155,0.081853,0.084649,0.12147,0.10674,0.088264,0.066881,0.070943
0.092766,0.071711,0.14109,0.081467,0.084239,0.12104,0.1063,0.087848,0.066541,0.070582
0.092368,0.07133,0.14064,0.081084,0.083832,0.12061,0.10586,0.087436,0.066205,0.070225
0.091973,0.070952,0.14018,0.080705,0.083428,0.12018,0.10543,0.087026,0.065872,0.069872
0.091582,0.070578,0.13973,0.080328,0.083027,0.11975,0.10499,0.08662,0.065542,0.069522
0.091193,0.070208,0.13928,0.079955,0.08263,0.11933,0.10456,0.086217,0.065217,0.069176
0.090808,0.069841,0.13884,0.079586,0.082236,0.11891,0.10414,0.085817,0.064894,0.068833
0.090426,0.069477,0.13839,0.079219,0.081844,0.11849,0.10371,0.08542,0.064575,0.068494
0.090048,0.069117,0.13795,0.078855,0.081457,0.11807,0.10329,0.085025,0.06426,0.068158
0.089672,0.06876,0.13751,0.078495,0.081072,0.11765,0.10287,0.084634,0.063948,0.067825
0.089672,0.06876,0.13751,0.078495,0.081072,0.11765,0.10287,0.084634,0.063948,0.067825
0.090067,0.069172,0.1379,0.078838,0.081451,0.11797,0.10324,0.08501,0.064303,0.068209
0.093209,0.072346,0.14117,0.081719,0.084565,0.12084,0.1064,0.088121,0.067087,0.071179
0.098794,0.078008,0.14683,0.086903,0.090128,0.12592,0.11202,0.093666,0.07212,0.076508
0.10566,0.084999,0.15361,0.093341,0.096985,0.13212,0.11893,0.10049,0.078413,0.083121
0.11277,0.092275,0.1605,0.10008,0.10412,0.13851,0.12607,0.10756,0.085046,0.090042
0.11946,0.099143,0.1669,0.10649,0.11085,0.14453,0.1328,0.11423,0.091385,0.096611
0.12538,0.10523,0.17251,0.11222,0.11682,0.14988,0.13876,0.12015,0.097074,0.10247
0.1304,0.11039,0.17725,0.11712,0.1219,0.15446,0.14382,0.12518,0.10195,0.10746
0.13452,0.11462,0.18116,0.12118,0.12608,0.15827,0.14799,0.12931,0.106,0.11157
0.1378,0.11799,0.1843,0.12445,0.12942,0.16137,0.15134,0.13262,0.10926,0.11486
0.14035,0.12059,0.18678,0.12703,0.13203,0.16385,0.15397,0.13521,0.11181,0.11742
0.14228,0.12254,0.1887,0.129,0.13401,0.16579,0.15598,0.13717,0.11375,0.11935
0.14368,0.12394,0.19015,0.13046,0.13546,0.16728,0.15747,0.13862,0.11517,0.12076
0.14465,0.1249,0.19122,0.1315,0.13648,0.16838,0.15853,0.13964,0.11616,0.12172
0.14527,0.12549,0.19196,0.13218,0.13714,0.16917,0.15925,0.1403,0.1168,0.12233
0.14561,0.12579,0.19244,0.13258,0.13751,0.1697,0.15967,0.14068,0.11714,0.12265
0.14571,0.12585,0.19271,0.13275,0.13764,0.17002,0.15986,0.14083,0.11725,0.12273
0.14563,0.12572,0.1928,0.13273,0.13759,0.17015,0.15987,0.14079,0.11717,0.12262
0.14541,0.12544,0.19275,0.13255,0.13738,0.17014,0.15972,0.14061,0.11693,0.12237
0.14506,0.12503,0.19259,0.13226,0.13706,0.17002,0.15945,0.1403,0.11657,0.12199
0.14463,0.12454,0.19233,0.13187,0.13663,0.16979,0.15908,0.13989,0.11612,0.12152
0.14412,0.12397,0.192,0.1314,0.13613,0.16949,0.15864,0.13941,0.11559,0.12097
0.14355,0.12335,0.1916,0.13087,0.13558,0.16912,0.15813,0.13888,0.115,0.12037
0.14294,0.12268,0.19116,0.13029,0.13497,0.16869,0.15757,0.13829,0.11437,0.11972
0.14229,0.12198,0.19068,0.12967,0.13433,0.16823,0.15698,0.13767,0.11369,0.11903
0.14161,0.12125,0.19016,0.12902,0.13366,0.16773,0.15635,0.13701,0.11299,0.11832
0.14092,0.1205,0.18962,0.12835,0.13297,0.1672,0.1557,0.13634,0.11228,0.1176
0.14021,0.11974,0.18906,0.12767,0.13226,0.16665,0.15504,0.13565,0.11154,0.11685
0.13949,0.11897,0.18848,0.12697,0.13154,0.16609,0.15436,0.13495,0.1108,0.1161
0.13876,0.1182,0.18789,0.12626,0.13081,0.16551,0.15366,0.13423,0.11005,0.11534
0.13803,0.11742,0.18729,0.12554,0.13008,0.16492,0.15297,0.13352,0.10929,0.11458
0.13729,0.11664,0.18668,0.12483,0.12934,0.16432,0.15226,0.1328,0.10854,0.11382
0.13656,0.11586,0.18607,0.12411,0.12861,0.16371,0.15155,0.13207,0.10778,0.11305
0.13582,0.11509,0.18545,0.12339,0.12787,0.1631,0.15085,0.13135,0.10703,0.11229
0.13509,0.11432,0.18483,0.12267,0.12713,0.16248,0.15014,0.13063,0.10628,0.11154
0.13436,0.11355,0.18421,0.12195,0.1264,0.16187,0.14943,0.12991,0.10553,0.11078
0.13363,0.11278,0.18359,0.12124,0.12567,0.16125,0.14872,0.12919,0.10479,0.11003
0.1329,0.11202,0.18296,0.12053,0.12494,0.16063,0.14802,0.12847,0.10406,0.10929
0.13218,0.11127,0.18234,0.11982,0.12421,0.16001,0.14731,0.12776,0.10333,0.10855
0.13147,0.11052,0.18172,0.11912,0.12349,0.1594,0.14661,0.12705,0.1026,0.10782
0.13076,0.10978,0.1811,0.11842,0.12278,0.15878,0.14592,0.12635,0.10189,0.1071
0.13005,0.10904,0.18048,0.11773,0.12207,0.15817,0.14522,0.12565,0.10118,0.10638
0.12935,0.10831,0.17986,0.11704,0.12136,0.15755,0.14453,0.12495,0.10047,0.10566
0.12865,0.10759,0.17924,0.11636,0.12066,0.15694,0.14385,0.12426,0.099776,0.10496
0.12796,0.10687,0.17863,0.11568,0.11996,0.15633,0.14317,0.12357,0.099086,0.10426
0.12728,0.10616,0.17802,0.11501,0.11927,0.15573,0.14249,0.12289,0.098402,0.10356
0.1266,0.10546,0.17741,0.11434,0.11859,0.15513,0.14181,0.12222,0.097726,0.10288
0.12592,0.10476,0.1768,0.11368,0.11791,0.15452,0.14114,0.12154,0.097057,0.1022
0.12525,0.10407,0.17619,0.11302,0.11723,0.15393,0.14048,0.12088,0.096394,0.10152
0.12459,0.10338,0.17559,0.11237,0.11656,0.15333,0.13982,0.12022,0.095739,0.10085
0.12393,0.1027,0.17499,0.11172,0.1159,0.15274,0.13916,0.11956,0.09509,0.10019
0.12328,0.10203,0.17439,0.11108,0.11524,0.15215,0.13851,0.11891,0.094448,0.099541
0.12263,0.10136,0.17379,0.11045,0.11458,0.15156,0.13786,0.11826,0.093813,0.098893
0.12198,0.1007,0.1732,0.10982,0.11393,0.15098,0.13721,0.11762,0.093185,0.098253
0.12135,0.10005,0.17261,0.10919,0.11329,0.15039,0.13657,0.11698,0.092563,0.097618
0.12071,0.0994,0.17202,0.10857,0.11265,0.14982,0.13594,0.11634,0.091948,0.09699
0.12009,0.098758,0.17143,0.10796,0.11202,0.14924,0.1353,0.11572,0.09134,0.096368
0.11946,0.098122,0.17085,0.10735,0.11139,0.14867,0.13467,0.11509,0.090738,0.095752
0.11885,0.097492,0.17027,0.10675,0.11076,0.1481,0.13405,0.11447,0.090142,0.095143
0.11823,0.096868,0.16969,0.10615,0.11015,0.14753,0.13343,0.11386,0.089553,0.094539
0.11763,0.09625,0.16911,0.10556,0.10953,0.14696,0.13281,0.11325,0.08897,0.093942
0.11702,0.095638,0.16854,0.10497,0.10892,0.1464,0.1322,0.11264,0.088394,0.09335
0.11643,0.095032,0.16797,0.10438,0.10832,0.14584,0.13159,0.11204,0.087823,0.092765
0.11584,0.094431,0.1674,0.10381,0.10772,0.14529,0.13099,0.11145,0.087259,0.092185
0.11525,0.093836,0.16683,0.10323,0.10712,0.14473,0.13039,0.11086,0.0867,0.091611
0.11466,0.093246,0.16627,0.10266,0.10653,0.14418,0.12979,0.11027,0.086148,0.091043
0.11409,0.092662,0.1657,0.1021,0.10595,0.14364,0.1292,0.10969,0.085601,0.090481
0.11351,0.092084,0.16514,0.10154,0.10537,0.14309,0.12861,0.10911,0.085061,0.089924
0.11295,0.091511,0.16459,0.10099,0.10479,0.14255,0.12803,0.10854,0.084526,0.089373
0.11238,0.090943,0.16403,0.10044,0.10422,0.14201,0.12745,0.10797,0.083997,0.088827
0.11182,0.090381,0.16348,0.099894,0.10366,0.14147,0.12687,0.1074,0.083473,0.088287
0.11127,0.089824,0.16293,0.099354,0.10309,0.14094,0.1263,0.10684,0.082955,0.087753
0.11072,0.089272,0.16238,0.098819,0.10254,0.14041,0.12573,0.10628,0.082443,0.087223
0.11017,0.088725,0.16183,0.098288,0.10198,0.13988,0.12516,0.10573,0.081936,0.086699
0.10963,0.088184,0.16129,0.097762,0.10143,0.13935,0.1246,0.10518,0.081435,0.086181
0.10909,0.087647,0.16075,0.09724,0.10089,0.13883,0.12404,0.10464,0.080939,0.085667
0.10856,0.087116,0.16021,0.096722,0.10035,0.13831,0.12349,0.1041,0.080448,0.085159
0.10803,0.08659,0.15968,0.09621,0.099813,0.13779,0.12293,0.10356,0.079962,0.084655
0.10751,0.086069,0.15914,0.095701,0.099281,0.13727,0.12239,0.10303,0.079482,0.084157
0.10699,0.085552,0.15861,0.095197,0.098754,0.13676,0.12184,0.1025,0.079007,0.083664
0.10648,0.085041,0.15808,0.094697,0.098231,0.13625,0.1213,0.10198,0.078537,0.083176
0.10597,0.084534,0.15755,0.094201,0.097712,0.13574,0.12077,0.10146,0.078072,0.082692
0.10546,0.084032,0.15703,0.09371,0.097197,0.13524,0.12023,0.10095,0.077612,0.082214
0.10496,0.083535,0.15651,0.093223,0.096687,0.13474,0.1197,0.10043,0.077157,0.08174
0.10446,0.083042,0.15598,0.09274,0.09618,0.13424,0.11918,0.099926,0.076707,0.081271
0.10397,0.082554,0.15547,0.092261,0.095678,0.13374,0.11865,0.099422,0.076261,0.080807
0.10348,0.082071,0.15495,0.091786,0.095179,0.13324,0.11813,0.098922,0.075821,0.080347
0.10299,0.081592,0.15444,0.091315,0.094685,0.13275,0.11762,0.098425,0.075385,0.079892
0.10251,0.081118,0.15392,0.090848,0.094194,0.13226,0.1171,0.097933,0.074953,0.079442
0.10203,0.080648,0.15342,0.090386,0.093708,0.13177,0.1166,0.097444,0.074527,0.078996
0.10156,0.080183,0.15291,0.089927,0.093225,0.13129,0.11609,0.096958,0.074105,0.078555
0.10109,0.079722,0.1524,0.089472,0.092746,0.13081,0.11559,0.096477,0.073687,0.078118
0.10062,0.079265,0.1519,0.089021,0.092271,0.13033,0.11509,0.095999,0.073274,0.077685
0.10016,0.078813,0.1514,0.088574,0.0918,0.12985,0.11459,0.095525,0.072865,0.077257
0.099698,0.078365,0.1509,0.08813,0.091332,0.12937,0.1141,0.095054,0.072461,0.076833
0.099243,0.077921,0.1504,0.087691,0.090868,0.1289,0.11361,0.094587,0.072061,0.076413
0.098791,0.077481,0.14991,0.087255,0.090408,0.12843,0.11312,0.094123,0.071666,0.075998
0.098344,0.077046,0.14942,0.086823,0.089952,0.12796,0.11264,0.093663,0.071274,0.075586
0.0979,0.076614,0.14893,0.086394,0.089499,0.1275,0.11216,0.093206,0.070887,0.075179
0.09746,0.076187,0.14844,0.08597,0.08905,0.12703,0.11168,0.092753,0.070504,0.074776
0.097023,0.075763,0.14795,0.085548,0.088605,0.12657,0.11121,0.092304,0.070125,0.074377
0.09659,0.075344,0.14747,0.085131,0.088163,0.12611,0.11074,0.091857,0.06975,0.073982
0.096161,0.074929,0.14699,0.084717,0.087724,0.12566,0.11027,0.091414,0.069379,0.073591
0.095735,0.074517,0.14651,0.084306,0.087289,0.1252,0.1098,0.090975,0.069012,0.073204
0.095312,0.074109,0.14603,0.083899,0.086858,0.12475,0.10934,0.090539,0.068649,0.072821
0.094894,0.073706,0.14555,0.083496,0.08643,0.1243,0.10888,0.090106,0.06829,0.072441
0.094478,0.073306,0.14508,0.083096,0.086005,0.12386,0.10843,0.089676,0.067935,0.072066
0.094066,0.072909,0.14461,0.082699,0.085584,0.12341,0.10798,0.08925,0.067584,0.071694
0.093657,0.072517,0.14414,0.082306,0.085166,0.12297,0.10753,0.088827,0.067236,0.071326
0.093252,0.072128,0.14367,0.081916,0.084752,0.12253,0.10708,0.088407,0.066892,0.070961
0.09285,0.071743,0.1432,0.08153,0.084341,0.12209,0.10664,0.08799,0.066552,0.070601
0.092451,0.071361,0.14274,0.081147,0.083933,0.12165,0.1062,0.087577,0.066215,0.070244
0.092056,0.070984,0.14228,0.080767,0.083528,0.12122,0.10576,0.087166,0.065882,0.06989
0.091664,0.070609,0.14182,0.08039,0.083127,0.12079,0.10532,0.086759,0.065553,0.06954
0.091275,0.070238,0.14136,0.080016,0.082729,0.12036,0.10489,0.086355,0.065227,0.069194
0.090889,0.069871,0.1409,0.079646,0.082334,0.11993,0.10446,0.085953,0.064904,0.068851
0.090506,0.069507,0.14045,0.079279,0.081942,0.11951,0.10403,0.085555,0.064585,0.068511
0.090127,0.069147,0.14,0.078915,0.081553,0.11909,0.10361,0.08516,0.06427,0.068175
0.089751,0.06879,0.13955,0.078554,0.081168,0.11866,0.10319,0.084768,0.063957,0.067842
0.089751,0.06879,0.13955,0.078554,0.081168,0.11866,0.10319,0.084768,0.063957,0.067842
0.090145,0.069201,0.13993,0.078897,0.081546,0.11897,0.10356,0.085143,0.064312,0.068225
0.093286,0.072375,0.14319,0.081777,0.08466,0.12184,0.10671,0.088253,0.067097,0.071196
0.09887,0.078037,0.14884,0.08696,0.090221,0.12692,0.11234,0.093796,0.072129,0.076524
0.10573,0.085028,0.15562,0.093398,0.097078,0.13311,0.11924,0.10062,0.078422,0.083137
0.11284,0.092303,0.1625,0.10014,0.10421,0.1395,0.12638,0.10769,0.085055,0.090058
0.11954,0.099171,0.16889,0.10655,0.11094,0.14551,0.1331,0.11436,0.091394,0.096627
0.12546,0.10526,0.17449,0.11227,0.11691,0.15086,0.13906,0.12028,0.097082,0.10248
0.13048,0.11042,0.17923,0.11717,0.12199,0.15543,0.14412,0.1253,0.10196,0.10747
0.13459,0.11465,0.18312,0.12123,0.12617,0.15924,0.14829,0.12943,0.10601,0.11159
0.13787,0.11801,0.18626,0.12451,0.12951,0.16233,0.15164,0.13275,0.10927,0.11488
0.14042,0.12062,0.18873,0.12708,0.13212,0.16481,0.15427,0.13533,0.11182,0.11744
0.14235,0.12257,0.19064,0.12905,0.1341,0.16674,0.15628,0.1373,0.11376,0.11937
0.14375,0.12397,0.19209,0.13051,0.13555,0.16822,0.15777,0.13874,0.11518,0.12077
0.14472,0.12493,0.19314,0.13155,0.13657,0.16933,0.15883,0.13976,0.11617,0.12174
0.14534,0.12552,0.19388,0.13223,0.13722,0.17011,0.15954,0.14042,0.11681,0.12235
0.14568,0.12581,0.19435,0.13263,0.13759,0.17064,0.15996,0.1408,0.11715,0.12266
0.14578,0.12587,0.19461,0.1328,0.13773,0.17094,0.16015,0.14095,0.11726,0.12274
0.1457,0.12574,0.19469,0.13278,0.13767,0.17108,0.16015,0.14091,0.11717,0.12264
0.14547,0.12546,0.19464,0.1326,0.13746,0.17106,0.16,0.14072,0.11694,0.12238
0.14513,0.12506,0.19446,0.13231,0.13714,0.17093,0.15973,0.14041,0.11658,0.122
0.14469,0.12456,0.1942,0.13192,0.13671,0.1707,0.15936,0.14001,0.11613,0.12153
0.14418,0.124,0.19386,0.13145,0.13622,0.17039,0.15891,0.13953,0.1156,0.12098
0.14361,0.12337,0.19345,0.13092,0.13566,0.17002,0.15841,0.13899,0.11501,0.12038
0.143,0.1227,0.193,0.13034,0.13505,0.16959,0.15785,0.1384,0.11437,0.11973
0.14235,0.122,0.19251,0.12972,0.13441,0.16912,0.15725,0.13778,0.1137,0.11905
0.14168,0.12127,0.19199,0.12907,0.13374,0.16862,0.15662,0.13712,0.113,0.11834
0.14098,0.12053,0.19144,0.1284,0.13304,0.16809,0.15597,0.13645,0.11228,0.11761
0.14027,0.11977,0.19087,0.12771,0.13234,0.16753,0.1553,0.13576,0.11155,0.11687
0.13955,0.119,0.19028,0.12701,0.13162,0.16696,0.15462,0.13505,0.1108,0.11611
0.13882,0.11822,0.18968,0.1263,0.13089,0.16638,0.15393,0.13434,0.11005,0.11535
0.13809,0.11744,0.18908,0.12559,0.13015,0.16578,0.15323,0.13362,0.1093,0.11459
0.13735,0.11666,0.18846,0.12487,0.12942,0.16518,0.15252,0.1329,0.10854,0.11383
0.13662,0.11589,0.18784,0.12415,0.12868,0.16456,0.15181,0.13218,0.10779,0.11307
0.13588,0.11511,0.18722,0.12343,0.12794,0.16395,0.1511,0.13145,0.10704,0.11231
0.13515,0.11434,0.18659,0.12271,0.1272,0.16333,0.15039,0.13073,0.10629,0.11155
0.13442,0.11357,0.18596,0.122,0.12647,0.16271,0.14968,0.13001,0.10554,0.1108
0.13369,0.1128,0.18533,0.12128,0.12574,0.16209,0.14897,0.12929,0.1048,0.11005
0.13296,0.11204,0.1847,0.12057,0.12501,0.16147,0.14826,0.12857,0.10406,0.1093
0.13224,0.11129,0.18407,0.11986,0.12428,0.16084,0.14756,0.12786,0.10333,0.10856
0.13152,0.11054,0.18344,0.11916,0.12356,0.16022,0.14686,0.12715,0.10261,0.10783
0.13081,0.1098,0.18281,0.11846,0.12285,0.1596,0.14616,0.12645,0.10189,0.10711
0.13011,0.10906,0.18218,0.11777,0.12214,0.15898,0.14547,0.12574,0.10118,0.10639
0.1294,0.10833,0.18156,0.11708,0.12143,0.15837,0.14477,0.12505,0.10048,0.10567
0.12871,0.10761,0.18093,0.1164,0.12073,0.15775,0.14409,0.12436,0.099782,0.10497
0.12802,0.10689,0.18031,0.11572,0.12003,0.15714,0.1434,0.12367,0.099091,0.10427
0.12733,0.10618,0.17969,0.11504,0.11934,0.15653,0.14272,0.12299,0.098408,0.10357
0.12665,0.10547,0.17908,0.11438,0.11865,0.15592,0.14205,0.12231,0.097732,0.10289
0.12597,0.10478,0.17846,0.11372,0.11797,0.15532,0.14138,0.12164,0.097062,0.10221
0.1253,0.10408,0.17785,0.11306,0.1173,0.15472,0.14071,0.12097,0.0964,0.10153
0.12464,0.1034,0.17724,0.11241,0.11663,0.15412,0.14005,0.12031,0.095744,0.10087
0.12398,0.10272,0.17663,0.11176,0.11596,0.15352,0.13939,0.11965,0.095096,0.1002
0.12333,0.10205,0.17602,0.11112,0.1153,0.15292,0.13873,0.119,0.094454,0.099551
0.12268,0.10138,0.17542,0.11048,0.11465,0.15233,0.13808,0.11835,0.093819,0.098903
0.12203,0.10072,0.17482,0.10985,0.114,0.15174,0.13744,0.1177,0.09319,0.098262
0.1214,0.10007,0.17422,0.10923,0.11335,0.15116,0.13679,0.11707,0.092569,0.097628
0.12076,0.099417,0.17363,0.10861,0.11271,0.15058,0.13616,0.11643,0.091954,0.096999
0.12014,0.098775,0.17303,0.108,0.11208,0.15,0.13552,0.1158,0.091345,0.096377
0.11951,0.098139,0.17244,0.10739,0.11145,0.14942,0.13489,0.11518,0.090743,0.095762
0.11889,0.097509,0.17185,0.10678,0.11082,0.14885,0.13427,0.11456,0.090147,0.095152
0.11828,0.096885,0.17127,0.10618,0.11021,0.14827,0.13365,0.11394,0.089558,0.094548
0.11767,0.096267,0.17069,0.10559,0.10959,0.14771,0.13303,0.11333,0.088975,0.093951
0.11707,0.095655,0.1701,0.105,0.10898,0.14714,0.13241,0.11273,0.088398,0.093359
0.11647,0.095048,0.16953,0.10442,0.10838,0.14658,0.1318,0.11213,0.087828,0.092774
0.11588,0.094447,0.16895,0.10384,0.10778,0.14602,0.1312,0.11153,0.087263,0.092194
0.11529,0.093852,0.16838,0.10327,0.10718,0.14546,0.1306,0.11094,0.086705,0.09162
0.11471,0.093262,0.16781,0.1027,0.10659,0.14491,0.13,0.11035,0.086152,0.091052
0.11413,0.092678,0.16724,0.10213,0.10601,0.14436,0.12941,0.10977,0.085606,0.09049
0.11356,0.092099,0.16667,0.10157,0.10542,0.14381,0.12882,0.10919,0.085065,0.089933
0.11299,0.091526,0.16611,0.10102,0.10485,0.14326,0.12823,0.10861,0.08453,0.089382
0.11243,0.090958,0.16555,0.10047,0.10428,0.14272,0.12765,0.10804,0.084001,0.088836
0.11187,0.090396,0.16499,0.099926,0.10371,0.14218,0.12707,0.10748,0.083477,0.088296
0.11131,0.089839,0.16443,0.099386,0.10315,0.14164,0.12649,0.10692,0.08296,0.087761
0.11076,0.089287,0.16388,0.09885,0.10259,0.14111,0.12592,0.10636,0.082447,0.087231
0.11022,0.08874,0.16332,0.098319,0.10203,0.14057,0.12536,0.10581,0.08194,0.086707
0.10967,0.088198,0.16277,0.097793,0.10149,0.14004,0.12479,0.10526,0.081439,0.086189
0.10914,0.087662,0.16223,0.097271,0.10094,0.13952,0.12423,0.10471,0.080943,0.085675
0.1086,0.08713,0.16168,0.096753,0.1004,0.13899,0.12368,0.10417,0.080452,0.085166
0.10808,0.086604,0.16114,0.09624,0.099864,0.13847,0.12313,0.10364,0.079966,0.084663
0.10755,0.086083,0.1606,0.095731,0.099332,0.13795,0.12258,0.10311,0.079486,0.084165
0.10703,0.085566,0.16006,0.095226,0.098804,0.13744,0.12203,0.10258,0.079011,0.083671
0.10652,0.085054,0.15953,0.094726,0.098281,0.13692,0.12149,0.10205,0.078541,0.083183
0.10601,0.084547,0.15899,0.09423,0.097762,0.13641,0.12095,0.10153,0.078076,0.0827
0.1055,0.084045,0.15846,0.093739,0.097247,0.1359,0.12042,0.10102,0.077616,0.082221
0.105,0.083548,0.15793,0.093251,0.096736,0.1354,0.11989,0.1005,0.077161,0.081747
0.1045,0.083055,0.15741,0.092768,0.096229,0.13489,0.11936,0.099996,0.07671,0.081278
0.104,0.082567,0.15688,0.092289,0.095726,0.13439,0.11883,0.099491,0.076265,0.080814
0.10351,0.082084,0.15636,0.091814,0.095227,0.13389,0.11831,0.098991,0.075824,0.080354
0.10303,0.081605,0.15584,0.091343,0.094732,0.1334,0.1178,0.098494,0.075388,0.079899
0.10255,0.081131,0.15532,0.090876,0.094241,0.13291,0.11728,0.098,0.074957,0.079449
0.10207,0.080661,0.15481,0.090413,0.093754,0.13242,0.11677,0.097511,0.07453,0.079003
0.10159,0.080195,0.15429,0.089954,0.093271,0.13193,0.11626,0.097025,0.074108,0.078561
0.10112,0.079734,0.15378,0.089499,0.092792,0.13144,0.11576,0.096543,0.073691,0.078124
0.10066,0.079277,0.15327,0.089047,0.092316,0.13096,0.11526,0.096065,0.073278,0.077692
0.10019,0.078825,0.15277,0.0886,0.091845,0.13048,0.11476,0.09559,0.072869,0.077263
0.099733,0.078377,0.15226,0.088156,0.091377,0.13,0.11427,0.095119,0.072465,0.076839
0.099278,0.077933,0.15176,0.087716,0.090913,0.12952,0.11378,0.094651,0.072065,0.07642
0.098827,0.077493,0.15126,0.08728,0.090452,0.12905,0.11329,0.094187,0.071669,0.076004
0.098379,0.077057,0.15076,0.086848,0.089996,0.12858,0.11281,0.093726,0.071278,0.075593
0.097935,0.076626,0.15026,0.086419,0.089543,0.12811,0.11233,0.093269,0.07089,0.075186
0.097494,0.076198,0.14977,0.085995,0.089093,0.12764,0.11185,0.092816,0.070507,0.074782
0.097057,0.075775,0.14928,0.085573,0.088647,0.12718,0.11137,0.092366,0.070128,0.074383
0.096624,0.075355,0.14879,0.085155,0.088205,0.12672,0.1109,0.091919,0.069753,0.073988
0.096194,0.07494,0.1483,0.084741,0.087766,0.12626,0.11043,0.091476,0.069382,0.073597
0.095768,0.074528,0.14782,0.084331,0.087331,0.1258,0.10997,0.091036,0.069015,0.07321
0.095346,0.07412,0.14733,0.083923,0.086899,0.12535,0.1095,0.090599,0.068652,0.072827
0.094926,0.073716,0.14685,0.08352,0.086471,0.12489,0.10904,0.090166,0.068293,0.072447
0.094511,0.073316,0.14637,0.08312,0.086046,0.12444,0.10859,0.089735,0.067938,0.072072
0.094098,0.07292,0.14589,0.082723,0.085625,0.124,0.10813,0.089309,0.067587,0.0717
0.093689,0.072527,0.14542,0.082329,0.085206,0.12355,0.10768,0.088885,0.067239,0.071332
0.093284,0.072139,0.14495,0.081939,0.084792,0.12311,0.10724,0.088465,0.066895,0.070967
0.092881,0.071753,0.14447,0.081553,0.08438,0.12267,0.10679,0.088048,0.066555,0.070606
0.092482,0.071372,0.14401,0.081169,0.083972,0.12223,0.10635,0.087634,0.066218,0.070249
0.092087,0.070994,0.14354,0.080789,0.083567,0.12179,0.10591,0.087223,0.065885,0.069896
0.091694,0.070619,0.14307,0.080412,0.083165,0.12136,0.10547,0.086815,0.065555,0.069546
0.091305,0.070248,0.14261,0.080038,0.082767,0.12092,0.10504,0.08641,0.065229,0.069199
0.090919,0.069881,0.14215,0.079668,0.082372,0.12049,0.10461,0.086009,0.064907,0.068856
0.090536,0.069517,0.14169,0.079301,0.081979,0.12007,0.10418,0.08561,0.064588,0.068516
0.090157,0.069156,0.14123,0.078936,0.08159,0.11964,0.10376,0.085215,0.064272,0.06818
0.08978,0.068799,0.14078,0.078575,0.081205,0.11922,0.10334,0.084822,0.06396,0.067847
0.08978,0.068799,0.14078,0.078575,0.081205,0.11922,0.10334,0.084822,0.06396,0.067847
0.090174,0.069211,0.14116,0.078918,0.081583,0.11952,0.1037,0.085197,0.064315,0.068231
0.093315,0.072384,0.14441,0.081798,0.084696,0.12239,0.10686,0.088306,0.067099,0.071201
0.098899,0.078046,0.15006,0.086981,0.090257,0.12746,0.11248,0.093849,0.072132,0.076529
0.10576,0.085037,0.15683,0.093418,0.097114,0.13365,0.11938,0.10067,0.078425,0.083142
0.11287,0.092312,0.1637,0.10016,0.10424,0.14004,0.12652,0.10774,0.085058,0.090063
0.11956,0.09918,0.17009,0.10657,0.11097,0.14605,0.13324,0.11441,0.091397,0.096632
0.12549,0.10527,0.17568,0.11229,0.11695,0.15139,0.1392,0.12033,0.097085,0.10249
0.1305,0.11043,0.18041,0.11719,0.12202,0.15596,0.14426,0.12535,0.10197,0.10748
0.13462,0.11466,0.1843,0.12125,0.1262,0.15976,0.14843,0.12949,0.10601,0.11159
0.1379,0.11802,0.18743,0.12453,0.12955,0.16286,0.15178,0.1328,0.10927,0.11488
0.14045,0.12062,0.1899,0.1271,0.13215,0.16533,0.1544,0.13538,0.11182,0.11744
0.14238,0.12257,0.19181,0.12907,0.13413,0.16726,0.15641,0.13735,0.11376,0.11937
0.14378,0.12398,0.19325,0.13053,0.13558,0.16874,0.1579,0.13879,0.11518,0.12078
0.14475,0.12494,0.1943,0.13157,0.1366,0.16984,0.15896,0.13981,0.11617,0.12174
0.14537,0.12553,0.19503,0.13225,0.13726,0.17062,0.15967,0.14047,0.11681,0.12235
0.1457,0.12582,0.1955,0.13265,0.13762,0.17114,0.16009,0.14085,0.11715,0.12267
0.14581,0.12588,0.19575,0.13282,0.13776,0.17145,0.16028,0.141,0.11726,0.12275
0.14573,0.12575,0.19583,0.1328,0.1377,0.17158,0.16028,0.14096,0.11718,0.12264
0.1455,0.12547,0.19577,0.13262,0.1375,0.17156,0.16013,0.14077,0.11694,0.12238
0.14516,0.12507,0.19559,0.13233,0.13717,0.17143,0.15986,0.14046,0.11658,0.12201
0.14472,0.12457,0.19532,0.13193,0.13675,0.1712,0.15949,0.14005,0.11613,0.12153
0.14421,0.124,0.19498,0.13146,0.13625,0.17089,0.15904,0.13957,0.1156,0.12099
0.14364,0.12338,0.19457,0.13093,0.13569,0.17051,0.15853,0.13903,0.11501,0.12038
0.14302,0.12271,0.19411,0.13035,0.13508,0.17008,0.15797,0.13845,0.11437,0.11974
0.14238,0.12201,0.19361,0.12973,0.13444,0.16961,0.15737,0.13782,0.1137,0.11905
0.1417,0.12128,0.19309,0.12909,0.13377,0.1691,0.15675,0.13717,0.113,0.11834
0.14101,0.12053,0.19253,0.12842,0.13307,0.16857,0.15609,0.13649,0.11228,0.11761
0.14029,0.11977,0.19196,0.12773,0.13237,0.16801,0.15542,0.1358,0.11155,0.11687
0.13957,0.119,0.19137,0.12703,0.13165,0.16744,0.15474,0.1351,0.11081,0.11612
0.13885,0.11823,0.19076,0.12632,0.13092,0.16685,0.15405,0.13438,0.11006,0.11536
0.13811,0.11745,0.19015,0.12561,0.13018,0.16625,0.15334,0.13367,0.1093,0.1146
0.13738,0.11667,0.18953,0.12489,0.12945,0.16565,0.15264,0.13294,0.10855,0.11383
0.13664,0.11589,0.18891,0.12417,0.12871,0.16503,0.15193,0.13222,0.10779,0.11307
0.1359,0.11512,0.18828,0.12345,0.12797,0.16441,0.15122,0.1315,0.10704,0.11231
0.13517,0.11434,0.18765,0.12273,0.12723,0.16379,0.15051,0.13077,0.10629,0.11155
0.13444,0.11357,0.18701,0.12201,0.1265,0.16317,0.1498,0.13005,0.10554,0.1108
0.13371,0.11281,0.18638,0.1213,0.12576,0.16255,0.14909,0.12933,0.1048,0.11005
0.13298,0.11205,0.18574,0.12059,0.12504,0.16192,0.14838,0.12861,0.10407,0.10931
0.13226,0.1113,0.18511,0.11988,0.12431,0.1613,0.14767,0.1279,0.10334,0.10857
0.13155,0.11055,0.18447,0.11918,0.12359,0.16067,0.14697,0.12719,0.10261,0.10784
0.13083,0.1098,0.18384,0.11848,0.12287,0.16005,0.14627,0.12648,0.1019,0.10711
0.13013,0.10907,0.18321,0.11778,0.12216,0.15943,0.14558,0.12578,0.10118,0.10639
0.12943,0.10834,0.18258,0.11709,0.12146,0.15881,0.14488,0.12509,0.10048,0.10568
0.12873,0.10761,0.18195,0.11641,0.12075,0.15819,0.1442,0.1244,0.099783,0.10497
0.12804,0.1069,0.18133,0.11573,0.12006,0.15758,0.14351,0.12371,0.099093,0.10427
0.12735,0.10619,0.1807,0.11506,0.11937,0.15697,0.14283,0.12303,0.09841,0.10358
0.12667,0.10548,0.18008,0.11439,0.11868,0.15636,0.14216,0.12235,0.097733,0.10289
0.12599,0.10478,0.17946,0.11373,0.118,0.15575,0.14148,0.12167,0.097064,0.10221
0.12532,0.10409,0.17884,0.11307,0.11732,0.15515,0.14082,0.12101,0.096402,0.10154
0.12466,0.1034,0.17823,0.11242,0.11665,0.15454,0.14015,0.12034,0.095746,0.10087
0.124,0.10273,0.17762,0.11177,0.11599,0.15395,0.13949,0.11969,0.095097,0.10021
0.12335,0.10205,0.17701,0.11113,0.11533,0.15335,0.13884,0.11903,0.094455,0.099554
0.1227,0.10139,0.1764,0.1105,0.11467,0.15276,0.13819,0.11838,0.09382,0.098906
0.12205,0.10073,0.1758,0.10987,0.11402,0.15217,0.13754,0.11774,0.093192,0.098265
0.12141,0.10007,0.17519,0.10924,0.11338,0.15158,0.1369,0.1171,0.09257,0.097631
0.12078,0.099423,0.17459,0.10862,0.11274,0.15099,0.13626,0.11647,0.091955,0.097002
0.12015,0.098781,0.174,0.10801,0.1121,0.15041,0.13562,0.11584,0.091347,0.09638
0.11953,0.098145,0.1734,0.1074,0.11147,0.14983,0.13499,0.11521,0.090744,0.095764
0.11891,0.097515,0.17281,0.1068,0.11085,0.14926,0.13437,0.11459,0.090149,0.095155
0.1183,0.096891,0.17222,0.1062,0.11023,0.14868,0.13374,0.11398,0.08956,0.094551
0.11769,0.096272,0.17163,0.1056,0.10961,0.14811,0.13313,0.11337,0.088977,0.093954
0.11709,0.09566,0.17105,0.10501,0.109,0.14754,0.13251,0.11276,0.0884,0.093362
0.11649,0.095053,0.17046,0.10443,0.1084,0.14698,0.1319,0.11216,0.087829,0.092776
0.1159,0.094452,0.16988,0.10385,0.1078,0.14642,0.1313,0.11156,0.087265,0.092197
0.11531,0.093857,0.16931,0.10328,0.1072,0.14586,0.13069,0.11097,0.086706,0.091623
0.11473,0.093267,0.16873,0.10271,0.10661,0.1453,0.13009,0.11038,0.086154,0.091055
0.11415,0.092683,0.16816,0.10215,0.10603,0.14475,0.1295,0.1098,0.085607,0.090492
0.11358,0.092104,0.16759,0.10159,0.10545,0.1442,0.12891,0.10922,0.085066,0.089935
0.11301,0.091531,0.16702,0.10103,0.10487,0.14365,0.12832,0.10865,0.084531,0.089384
0.11244,0.090963,0.16646,0.10048,0.1043,0.14311,0.12774,0.10808,0.084002,0.088838
0.11188,0.090401,0.16589,0.099938,0.10373,0.14256,0.12716,0.10751,0.083479,0.088298
0.11133,0.089843,0.16533,0.099397,0.10317,0.14202,0.12659,0.10695,0.082961,0.087763
0.11078,0.089291,0.16477,0.098862,0.10261,0.14149,0.12601,0.10639,0.082448,0.087234
0.11023,0.088745,0.16422,0.09833,0.10206,0.14095,0.12545,0.10584,0.081942,0.08671
0.10969,0.088203,0.16367,0.097804,0.10151,0.14042,0.12488,0.10529,0.08144,0.086191
0.10915,0.087667,0.16311,0.097282,0.10096,0.13989,0.12432,0.10474,0.080944,0.085677
0.10862,0.087135,0.16257,0.096764,0.10042,0.13937,0.12377,0.1042,0.080453,0.085169
0.10809,0.086609,0.16202,0.096251,0.099884,0.13884,0.12321,0.10367,0.079968,0.084665
0.10757,0.086087,0.16148,0.095742,0.099352,0.13832,0.12266,0.10314,0.079487,0.084167
0.10705,0.08557,0.16093,0.095237,0.098824,0.1378,0.12212,0.10261,0.079012,0.083674
0.10653,0.085059,0.16039,0.094737,0.0983,0.13729,0.12158,0.10208,0.078542,0.083185
0.10602,0.084552,0.15986,0.094241,0.097781,0.13678,0.12104,0.10156,0.078077,0.082702
0.10551,0.08405,0.15932,0.093749,0.097266,0.13627,0.1205,0.10105,0.077617,0.082223
0.10501,0.083552,0.15879,0.093262,0.096754,0.13576,0.11997,0.10053,0.077162,0.08175
0.10451,0.08306,0.15826,0.092778,0.096247,0.13525,0.11944,0.10002,0.076711,0.08128
0.10402,0.082572,0.15773,0.092299,0.095744,0.13475,0.11892,0.099519,0.076266,0.080816
0.10353,0.082088,0.15721,0.091824,0.095245,0.13425,0.1184,0.099018,0.075825,0.080356
0.10304,0.081609,0.15668,0.091353,0.09475,0.13375,0.11788,0.098521,0.075389,0.079901
0.10256,0.081135,0.15616,0.090886,0.094259,0.13326,0.11736,0.098028,0.074958,0.079451
0.10208,0.080665,0.15564,0.090423,0.093772,0.13277,0.11685,0.097538,0.074531,0.079005
0.10161,0.080199,0.15512,0.089963,0.093289,0.13228,0.11635,0.097052,0.074109,0.078563
0.10114,0.079738,0.15461,0.089508,0.092809,0.13179,0.11584,0.09657,0.073692,0.078126
0.10067,0.079281,0.1541,0.089057,0.092334,0.1313,0.11534,0.096091,0.073279,0.077694
0.10021,0.078829,0.15359,0.088609,0.091862,0.13082,0.11484,0.095616,0.07287,0.077265
0.099747,0.078381,0.15308,0.088166,0.091394,0.13034,0.11435,0.095145,0.072466,0.076841
0.099292,0.077937,0.15257,0.087726,0.09093,0.12986,0.11386,0.094677,0.072066,0.076422
0.09884,0.077497,0.15207,0.08729,0.090469,0.12939,0.11337,0.094213,0.07167,0.076006
0.098392,0.077061,0.15157,0.086857,0.090013,0.12891,0.11288,0.093752,0.071278,0.075595
0.097948,0.076629,0.15107,0.086429,0.089559,0.12844,0.1124,0.093295,0.070891,0.075187
0.097507,0.076202,0.15057,0.086004,0.08911,0.12798,0.11192,0.092841,0.070508,0.074784
0.09707,0.075778,0.15008,0.085582,0.088664,0.12751,0.11145,0.092391,0.070129,0.074385
0.096637,0.075359,0.14958,0.085164,0.088221,0.12705,0.11098,0.091944,0.069754,0.07399
0.096207,0.074943,0.14909,0.08475,0.087783,0.12659,0.11051,0.0915,0.069383,0.073599
0.095781,0.074532,0.1486,0.084339,0.087347,0.12613,0.11004,0.09106,0.069016,0.073212
0.095358,0.074124,0.14812,0.083932,0.086915,0.12567,0.10958,0.090623,0.068653,0.072828
0.094939,0.07372,0.14763,0.083528,0.086487,0.12522,0.10912,0.09019,0.068294,0.072449
0.094523,0.07332,0.14715,0.083128,0.086062,0.12477,0.10866,0.089759,0.067939,0.072073
0.09411,0.072923,0.14667,0.082731,0.08564,0.12432,0.10821,0.089332,0.067587,0.071701
0.093701,0.072531,0.14619,0.082338,0.085222,0.12387,0.10775,0.088909,0.06724,0.071333
0.093296,0.072142,0.14571,0.081948,0.084807,0.12342,0.10731,0.088488,0.066896,0.070969
0.092893,0.071757,0.14524,0.081561,0.084395,0.12298,0.10686,0.088071,0.066555,0.070608
0.092494,0.071375,0.14477,0.081177,0.083987,0.12254,0.10642,0.087657,0.066219,0.070251
0.092098,0.070997,0.1443,0.080797,0.083582,0.1221,0.10598,0.087246,0.065886,0.069897
0.091706,0.070622,0.14383,0.08042,0.08318,0.12167,0.10554,0.086838,0.065556,0.069547
0.091317,0.070252,0.14336,0.080046,0.082782,0.12123,0.10511,0.086433,0.06523,0.069201
0.09093,0.069884,0.1429,0.079676,0.082386,0.1208,0.10468,0.086031,0.064908,0.068858
0.090548,0.06952,0.14243,0.079308,0.081994,0.12037,0.10425,0.085632,0.064589,0.068518
0.090168,0.069159,0.14197,0.078944,0.081605,0.11994,0.10383,0.085237,0.064273,0.068182
0.089791,0.068802,0.14151,0.078583,0.081219,0.11952,0.1034,0.084844,0.063961,0.067849
0.089791,0.068802,0.14151,0.078583,0.081219,0.11952,0.1034,0.084844,0.063961,0.067849
0.090185,0.069214,0.14189,0.078925,0.081597,0.11982,0.10377,0.085218,0.064316,0.068232
0.093326,0.072387,0.14514,0.081805,0.08471,0.12269,0.10692,0.088328,0.0671,0.071202
0.09891,0.078049,0.15079,0.086988,0.090271,0.12776,0.11255,0.093871,0.072133,0.076531
0.10577,0.08504,0.15755,0.093426,0.097128,0.13395,0.11944,0.10069,0.078426,0.083144
0.11288,0.092315,0.16443,0.10017,0.10426,0.14033,0.12659,0.10777,0.085058,0.090065
0.11957,0.099183,0.17081,0.10657,0.11099,0.14634,0.13331,0.11444,0.091398,0.096634
0.1255,0.10527,0.1764,0.1123,0.11696,0.15168,0.13926,0.12035,0.097085,0.10249
0.13051,0.11043,0.18113,0.1172,0.12204,0.15625,0.14433,0.12537,0.10197,0.10748
0.13463,0.11466,0.18501,0.12126,0.12622,0.16005,0.14849,0.12951,0.10601,0.11159
0.13791,0.11803,0.18814,0.12454,0.12956,0.16315,0.15184,0.13282,0.10927,0.11488
0.14046,0.12063,0.19061,0.12711,0.13217,0.16562,0.15447,0.1354,0.11182,0.11744
0.14239,0.12258,0.19251,0.12908,0.13415,0.16755,0.15647,0.13737,0.11376,0.11937
0.14379,0.12398,0.19395,0.13054,0.1356,0.16902,0.15796,0.13881,0.11519,0.12078
0.14476,0.12494,0.19499,0.13157,0.13661,0.17012,0.15902,0.13983,0.11618,0.12174
0.14538,0.12553,0.19572,0.13226,0.13727,0.1709,0.15973,0.14049,0.11681,0.12235
0.14571,0.12582,0.19619,0.13266,0.13764,0.17142,0.16015,0.14087,0.11715,0.12267
0.14582,0.12588,0.19644,0.13282,0.13777,0.17173,0.16034,0.14102,0.11726,0.12275
0.14574,0.12575,0.19651,0.1328,0.13771,0.17186,0.16034,0.14098,0.11718,0.12264
0.14551,0.12547,0.19645,0.13263,0.13751,0.17184,0.16019,0.14079,0.11694,0.12238
0.14516,0.12507,0.19627,0.13233,0.13718,0.1717,0.15992,0.14048,0.11658,0.12201
0.14473,0.12458,0.196,0.13194,0.13676,0.17147,0.15955,0.14007,0.11613,0.12154
0.14422,0.12401,0.19565,0.13147,0.13626,0.17116,0.1591,0.13959,0.1156,0.12099
0.14365,0.12338,0.19524,0.13094,0.1357,0.17078,0.15859,0.13905,0.11501,0.12039
0.14303,0.12271,0.19478,0.13036,0.13509,0.17035,0.15803,0.13846,0.11438,0.11974
0.14238,0.12201,0.19428,0.12974,0.13445,0.16987,0.15743,0.13784,0.1137,0.11905
0.14171,0.12128,0.19375,0.12909,0.13378,0.16937,0.1568,0.13719,0.113,0.11834
0.14101,0.12053,0.19319,0.12842,0.13309,0.16883,0.15615,0.13651,0.11229,0.11761
0.1403,0.11977,0.19261,0.12774,0.13238,0.16827,0.15548,0.13582,0.11155,0.11687
0.13958,0.11901,0.19202,0.12704,0.13166,0.1677,0.1548,0.13511,0.11081,0.11612
0.13885,0.11823,0.19141,0.12633,0.13093,0.16711,0.1541,0.1344,0.11006,0.11536
0.13812,0.11745,0.1908,0.12561,0.13019,0.16651,0.1534,0.13368,0.1093,0.1146
0.13738,0.11667,0.19018,0.12489,0.12946,0.1659,0.15269,0.13296,0.10855,0.11383
0.13665,0.1159,0.18955,0.12417,0.12872,0.16529,0.15198,0.13224,0.10779,0.11307
0.13591,0.11512,0.18892,0.12345,0.12798,0.16467,0.15127,0.13151,0.10704,0.11231
0.13518,0.11435,0.18828,0.12273,0.12724,0.16405,0.15056,0.13079,0.10629,0.11155
0.13445,0.11358,0.18765,0.12202,0.12651,0.16342,0.14985,0.13007,0.10554,0.1108
0.13372,0.11281,0.18701,0.1213,0.12578,0.1628,0.14914,0.12935,0.1048,0.11005
0.13299,0.11205,0.18637,0.12059,0.12505,0.16217,0.14843,0.12863,0.10407,0.10931
0.13227,0.1113,0.18573,0.11988,0.12432,0.16154,0.14773,0.12792,0.10334,0.10857
0.13155,0.11055,0.1851,0.11918,0.1236,0.16092,0.14702,0.12721,0.10261,0.10784
0.13084,0.10981,0.18446,0.11848,0.12288,0.1603,0.14632,0.1265,0.1019,0.10711
0.13014,0.10907,0.18383,0.11779,0.12217,0.15967,0.14563,0.1258,0.10118,0.10639
0.12943,0.10834,0.18319,0.1171,0.12147,0.15905,0.14494,0.1251,0.10048,0.10568
0.12874,0.10762,0.18256,0.11642,0.12076,0.15844,0.14425,0.12441,0.099784,0.10497
0.12804,0.1069,0.18194,0.11574,0.12007,0.15782,0.14356,0.12372,0.099094,0.10427
0.12736,0.10619,0.18131,0.11506,0.11938,0.15721,0.14288,0.12304,0.09841,0.10358
0.12668,0.10548,0.18069,0.1144,0.11869,0.1566,0.14221,0.12236,0.097734,0.10289
0.126,0.10478,0.18006,0.11373,0.11801,0.15599,0.14153,0.12169,0.097064,0.10221
0.12533,0.10409,0.17944,0.11308,0.11733,0.15538,0.14086,0.12102,0.096402,0.10154
0.12467,0.10341,0.17883,0.11243,0.11666,0.15478,0.1402,0.12036,0.095746,0.10087
0.12401,0.10273,0.17821,0.11178,0.116,0.15418,0.13954,0.1197,0.095098,0.10021
0.12335,0.10205,0.1776,0.11114,0.11534,0.15358,0.13888,0.11905,0.094456,0.099555
0.1227,0.10139,0.17699,0.1105,0.11468,0.15299,0.13823,0.1184,0.093821,0.098907
0.12206,0.10073,0.17638,0.10987,0.11403,0.15239,0.13759,0.11775,0.093192,0.098266
0.12142,0.10007,0.17578,0.10925,0.11339,0.15181,0.13694,0.11712,0.092571,0.097632
0.12079,0.099425,0.17517,0.10863,0.11275,0.15122,0.1363,0.11648,0.091956,0.097003
0.12016,0.098783,0.17458,0.10801,0.11211,0.15064,0.13567,0.11585,0.091347,0.096381
0.11954,0.098147,0.17398,0.1074,0.11148,0.15006,0.13504,0.11523,0.090745,0.095765
0.11892,0.097517,0.17338,0.1068,0.11086,0.14948,0.13441,0.11461,0.090149,0.095156
0.11831,0.096892,0.17279,0.1062,0.11024,0.14891,0.13379,0.11399,0.08956,0.094552
0.1177,0.096274,0.1722,0.10561,0.10962,0.14833,0.13317,0.11338,0.088977,0.093954
0.1171,0.095662,0.17161,0.10502,0.10901,0.14776,0.13256,0.11277,0.0884,0.093363
0.1165,0.095055,0.17103,0.10444,0.10841,0.1472,0.13195,0.11217,0.08783,0.092777
0.11591,0.094454,0.17045,0.10386,0.10781,0.14664,0.13134,0.11158,0.087265,0.092198
0.11532,0.093858,0.16987,0.10328,0.10721,0.14608,0.13074,0.11098,0.086707,0.091624
0.11473,0.093269,0.16929,0.10271,0.10662,0.14552,0.13014,0.1104,0.086154,0.091055
0.11416,0.092685,0.16871,0.10215,0.10604,0.14496,0.12954,0.10981,0.085607,0.090493
0.11358,0.092106,0.16814,0.10159,0.10545,0.14441,0.12895,0.10923,0.085067,0.089936
0.11301,0.091533,0.16757,0.10104,0.10488,0.14386,0.12837,0.10866,0.084532,0.089385
0.11245,0.090965,0.167,0.10049,0.10431,0.14332,0.12778,0.10809,0.084003,0.088839
0.11189,0.090402,0.16644,0.099942,0.10374,0.14277,0.1272,0.10752,0.083479,0.088299
0.11133,0.089845,0.16588,0.099401,0.10318,0.14223,0.12663,0.10696,0.082961,0.087764
0.11078,0.089293,0.16532,0.098866,0.10262,0.1417,0.12606,0.1064,0.082449,0.087235
0.11024,0.088746,0.16476,0.098334,0.10206,0.14116,0.12549,0.10585,0.081942,0.086711
0.1097,0.088205,0.1642,0.097808,0.10151,0.14063,0.12492,0.1053,0.08144,0.086192
0.10916,0.087668,0.16365,0.097286,0.10097,0.1401,0.12436,0.10476,0.080944,0.085678
0.10863,0.087137,0.1631,0.096768,0.10043,0.13957,0.12381,0.10422,0.080453,0.08517
0.1081,0.08661,0.16255,0.096255,0.099891,0.13905,0.12325,0.10368,0.079968,0.084666
0.10757,0.086089,0.162,0.095746,0.099359,0.13852,0.1227,0.10315,0.079488,0.084168
0.10705,0.085572,0.16146,0.095241,0.098831,0.13801,0.12216,0.10262,0.079012,0.083674
0.10654,0.08506,0.16092,0.094741,0.098308,0.13749,0.12161,0.10209,0.078542,0.083186
0.10603,0.084553,0.16038,0.094245,0.097788,0.13697,0.12108,0.10157,0.078077,0.082703
0.10552,0.084051,0.15984,0.093753,0.097273,0.13646,0.12054,0.10106,0.077617,0.082224
0.10502,0.083554,0.15931,0.093265,0.096762,0.13595,0.12001,0.10054,0.077162,0.08175
0.10452,0.083061,0.15877,0.092782,0.096254,0.13545,0.11948,0.10004,0.076712,0.081281
0.10402,0.082573,0.15824,0.092303,0.095751,0.13495,0.11896,0.099531,0.076266,0.080817
0.10353,0.082089,0.15771,0.091827,0.095252,0.13444,0.11843,0.09903,0.075826,0.080357
0.10305,0.08161,0.15719,0.091356,0.094757,0.13395,0.11792,0.098532,0.07539,0.079902
0.10256,0.081136,0.15667,0.090889,0.094266,0.13345,0.1174,0.098039,0.074958,0.079452
0.10209,0.080666,0.15614,0.090426,0.093779,0.13296,0.11689,0.097549,0.074532,0.079006
0.10161,0.080201,0.15563,0.089967,0.093296,0.13247,0.11638,0.097063,0.07411,0.078564
0.10114,0.079739,0.15511,0.089512,0.092816,0.13198,0.11588,0.096581,0.073692,0.078127
0.10067,0.079283,0.15459,0.08906,0.092341,0.13149,0.11538,0.096102,0.073279,0.077694
0.10021,0.07883,0.15408,0.088613,0.091869,0.13101,0.11488,0.095627,0.07287,0.077266
0.099752,0.078382,0.15357,0.088169,0.091401,0.13053,0.11438,0.095156,0.072466,0.076842
0.099297,0.077938,0.15306,0.087729,0.090937,0.13005,0.11389,0.094688,0.072066,0.076422
0.098845,0.077498,0.15256,0.087293,0.090476,0.12957,0.1134,0.094223,0.07167,0.076007
0.098397,0.077062,0.15205,0.086861,0.090019,0.1291,0.11292,0.093762,0.071279,0.075595
0.097953,0.076631,0.15155,0.086432,0.089566,0.12863,0.11244,0.093305,0.070891,0.075188
0.097512,0.076203,0.15105,0.086007,0.089116,0.12816,0.11196,0.092851,0.070508,0.074785
0.097075,0.07578,0.15056,0.085585,0.08867,0.12769,0.11148,0.092401,0.070129,0.074386
0.096642,0.07536,0.15006,0.085167,0.088228,0.12723,0.11101,0.091954,0.069754,0.073991
0.096212,0.074944,0.14957,0.084753,0.087789,0.12676,0.11054,0.09151,0.069383,0.073599
0.095785,0.074533,0.14908,0.084342,0.087353,0.12631,0.11007,0.09107,0.069017,0.073212
0.095363,0.074125,0.14859,0.083935,0.086921,0.12585,0.10961,0.090633,0.068654,0.072829
0.094943,0.073721,0.1481,0.083531,0.086493,0.12539,0.10915,0.090199,0.068294,0.072449
0.094527,0.073321,0.14762,0.083131,0.086068,0.12494,0.10869,0.089769,0.067939,0.072074
0.094115,0.072925,0.14713,0.082734,0.085646,0.12449,0.10824,0.089342,0.067588,0.071702
0.093706,0.072532,0.14665,0.082341,0.085228,0.12404,0.10779,0.088918,0.06724,0.071334
0.0933,0.072143,0.14617,0.081951,0.084813,0.1236,0.10734,0.088498,0.066896,0.070969
0.092898,0.071758,0.1457,0.081564,0.084401,0.12315,0.10689,0.08808,0.066556,0.070608
0.092499,0.071376,0.14522,0.08118,0.083993,0.12271,0.10645,0.087666,0.066219,0.070251
0.092103,0.070998,0.14475,0.0808,0.083588,0.12227,0.10601,0.087255,0.065886,0.069898
0.09171,0.070624,0.14428,0.080423,0.083186,0.12184,0.10557,0.086847,0.065556,0.069548
0.091321,0.070253,0.14381,0.080049,0.082787,0.1214,0.10514,0.086442,0.06523,0.069201
0.090935,0.069885,0.14335,0.079679,0.082392,0.12097,0.10471,0.08604,0.064908,0.068858
0.090552,0.069521,0.14288,0.079311,0.081999,0.12054,0.10428,0.085641,0.064589,0.068518
0.090172,0.069161,0.14242,0.078947,0.08161,0.12011,0.10386,0.085246,0.064273,0.068182
0.089795,0.068803,0.14196,0.078586,0.081224,0.11968,0.10343,0.084853,0.063961,0.067849
