0,0,0,0,0,0,0,0,0,0
0.21292,0.21511,0.20268,0.21452,0.21435,0.2059,0.21023,0.21294,0.2158,0.21537
0.34627,0.35238,0.31958,0.35095,0.35068,0.32781,0.33921,0.34664,0.35404,0.35296
0.43246,0.44227,0.39242,0.44038,0.44035,0.40458,0.42188,0.43366,0.44442,0.44291
0.48983,0.50251,0.44128,0.50065,0.5012,0.45586,0.47712,0.49224,0.50456,0.50291
0.52896,0.54364,0.47609,0.54224,0.54363,0.49187,0.51537,0.53283,0.54508,0.54356
0.55608,0.57204,0.50196,0.57141,0.5738,0.51809,0.54258,0.56155,0.5725,0.57132
0.57502,0.59171,0.52171,0.59203,0.59549,0.53763,0.56224,0.58212,0.59095,0.59023
0.58817,0.60517,0.53698,0.60655,0.61112,0.55236,0.57652,0.59688,0.60307,0.60292
0.59713,0.61414,0.54885,0.61662,0.62227,0.56348,0.58684,0.60737,0.61065,0.61109
0.60296,0.61977,0.55803,0.62334,0.63003,0.57181,0.59417,0.61463,0.6149,0.61595
0.60643,0.62288,0.56506,0.6275,0.63517,0.57795,0.59917,0.61941,0.61667,0.61831
0.60808,0.62406,0.57037,0.62969,0.63827,0.58233,0.60236,0.62227,0.61656,0.6188
0.60833,0.62376,0.57426,0.63035,0.63976,0.58532,0.60413,0.6236,0.61503,0.61784
0.60749,0.6223,0.577,0.62979,0.63997,0.58717,0.60476,0.62374,0.61243,0.61577
0.6058,0.61995,0.5788,0.62828,0.63917,0.58812,0.60449,0.62293,0.609,0.61285
0.60345,0.61691,0.57983,0.62602,0.63755,0.58832,0.6035,0.62136,0.60493,0.60928
0.60058,0.61332,0.58023,0.62317,0.63528,0.58793,0.60193,0.61919,0.60039,0.6052
0.5973,0.60932,0.58012,0.61986,0.63249,0.58706,0.59992,0.61654,0.59549,0.60074
0.59371,0.60499,0.57958,0.61618,0.6293,0.5858,0.59754,0.61352,0.59031,0.59599
0.58988,0.60042,0.5787,0.61221,0.62578,0.58422,0.59487,0.6102,0.58494,0.59102
0.58587,0.59566,0.57754,0.60803,0.622,0.5824,0.59199,0.60665,0.57943,0.58589
0.58173,0.59077,0.57615,0.60367,0.61802,0.58037,0.58892,0.60292,0.57381,0.58065
0.57748,0.58577,0.57458,0.5992,0.61389,0.57818,0.58572,0.59905,0.56813,0.57532
0.57316,0.58071,0.57285,0.59462,0.60964,0.57586,0.58241,0.59507,0.56242,0.56994
0.56878,0.57561,0.571,0.58998,0.60529,0.57344,0.57902,0.59102,0.55668,0.56454
0.56438,0.57048,0.56906,0.5853,0.60089,0.57093,0.57557,0.5869,0.55095,0.55912
0.55995,0.56534,0.56703,0.58058,0.59644,0.56837,0.57208,0.58275,0.54523,0.55371
0.55552,0.5602,0.56495,0.57586,0.59195,0.56576,0.56855,0.57857,0.53954,0.54831
0.55109,0.55507,0.56281,0.57112,0.58745,0.56311,0.56501,0.57438,0.53387,0.54293
0.54667,0.54996,0.56063,0.56639,0.58295,0.56043,0.56145,0.57018,0.52824,0.53757
0.54227,0.54487,0.55842,0.56168,0.57844,0.55774,0.55789,0.56598,0.52265,0.53226
0.53788,0.53982,0.55619,0.55698,0.57394,0.55503,0.55433,0.56179,0.51711,0.52697
0.53352,0.53479,0.55394,0.5523,0.56945,0.55231,0.55078,0.55761,0.51162,0.52173
0.52918,0.52981,0.55168,0.54765,0.56498,0.54959,0.54723,0.55345,0.50617,0.51653
0.52486,0.52485,0.54941,0.54302,0.56053,0.54687,0.5437,0.54931,0.50078,0.51138
0.52058,0.51994,0.54714,0.53843,0.55611,0.54415,0.54018,0.54519,0.49543,0.50627
0.51632,0.51507,0.54486,0.53386,0.55171,0.54143,0.53667,0.54109,0.49014,0.5012
0.5121,0.51024,0.54259,0.52933,0.54734,0.53872,0.53318,0.53701,0.48491,0.49619
0.50791,0.50545,0.54031,0.52483,0.54299,0.53602,0.52971,0.53296,0.47972,0.49122
0.50374,0.5007,0.53804,0.52037,0.53867,0.53333,0.52626,0.52894,0.47459,0.48629
0.49961,0.496,0.53577,0.51594,0.53439,0.53065,0.52283,0.52494,0.46952,0.48142
0.49552,0.49133,0.53351,0.51155,0.53013,0.52797,0.51942,0.52098,0.46449,0.47659
0.49145,0.48671,0.53125,0.50719,0.52591,0.52531,0.51602,0.51704,0.45952,0.47181
0.48742,0.48213,0.529,0.50287,0.52172,0.52266,0.51265,0.51312,0.4546,0.46708
0.48342,0.4776,0.52676,0.49858,0.51756,0.52002,0.5093,0.50924,0.44974,0.46239
0.47945,0.4731,0.52452,0.49433,0.51343,0.51739,0.50597,0.50538,0.44492,0.45775
0.47551,0.46865,0.52229,0.49011,0.50933,0.51477,0.50266,0.50155,0.44016,0.45315
0.47161,0.46424,0.52007,0.48593,0.50527,0.51217,0.49937,0.49776,0.43544,0.4486
0.46773,0.45987,0.51786,0.48179,0.50123,0.50958,0.4961,0.49398,0.43078,0.4441
0.46389,0.45554,0.51566,0.47768,0.49723,0.507,0.49286,0.49024,0.42617,0.43964
0.46008,0.45125,0.51346,0.4736,0.49326,0.50443,0.48963,0.48652,0.4216,0.43523
0.4563,0.447,0.51128,0.46956,0.48932,0.50188,0.48643,0.48284,0.41709,0.43086
0.45255,0.44279,0.5091,0.46555,0.48541,0.49934,0.48324,0.47918,0.41262,0.42653
0.44884,0.43862,0.50693,0.46158,0.48153,0.49681,0.48008,0.47555,0.4082,0.42225
0.44515,0.43449,0.50477,0.45764,0.47769,0.49429,0.47694,0.47194,0.40383,0.41801
0.44149,0.4304,0.50262,0.45373,0.47387,0.49179,0.47381,0.46836,0.3995,0.41381
0.43786,0.42635,0.50048,0.44986,0.47008,0.4893,0.47071,0.46481,0.39522,0.40966
0.43427,0.42233,0.49835,0.44602,0.46633,0.48682,0.46763,0.46129,0.39099,0.40555
0.4307,0.41836,0.49622,0.44221,0.4626,0.48436,0.46457,0.45779,0.3868,0.40147
0.42716,0.41442,0.49411,0.43844,0.45891,0.4819,0.46152,0.45432,0.38266,0.39744
0.42365,0.41051,0.492,0.43469,0.45524,0.47946,0.4585,0.45088,0.37856,0.39345
0.42017,0.40665,0.48991,0.43098,0.4516,0.47703,0.4555,0.44746,0.3745,0.3895
0.41672,0.40282,0.48782,0.42731,0.44799,0.47462,0.45252,0.44406,0.37049,0.38559
0.4133,0.39903,0.48574,0.42366,0.44441,0.47221,0.44955,0.4407,0.36652,0.38172
0.4099,0.39527,0.48367,0.42004,0.44086,0.46982,0.44661,0.43736,0.3626,0.37788
0.40653,0.39155,0.48161,0.41646,0.43734,0.46744,0.44369,0.43404,0.35871,0.37409
0.40319,0.38786,0.47955,0.4129,0.43385,0.46507,0.44078,0.43075,0.35487,0.37033
0.39988,0.38421,0.47751,0.40938,0.43038,0.46272,0.4379,0.42748,0.35107,0.36662
0.39659,0.38059,0.47547,0.40588,0.42694,0.46037,0.43503,0.42424,0.34731,0.36293
0.39334,0.377,0.47345,0.40242,0.42353,0.45804,0.43218,0.42102,0.34359,0.35929
0.3901,0.37345,0.47143,0.39898,0.42015,0.45572,0.42935,0.41783,0.33991,0.35568
0.3869,0.36994,0.46942,0.39558,0.41679,0.45341,0.42654,0.41466,0.33627,0.35211
0.38372,0.36645,0.46742,0.3922,0.41346,0.45111,0.42374,0.41152,0.33267,0.34858
0.38057,0.363,0.46542,0.38885,0.41015,0.44883,0.42097,0.4084,0.3291,0.34507
0.37744,0.35958,0.46344,0.38553,0.40688,0.44655,0.41821,0.4053,0.32558,0.34161
0.37434,0.3562,0.46146,0.38224,0.40363,0.44429,0.41547,0.40223,0.32209,0.33818
0.37127,0.35284,0.4595,0.37898,0.4004,0.44204,0.41275,0.39918,0.31864,0.33478
0.36821,0.34952,0.45754,0.37574,0.3972,0.4398,0.41005,0.39615,0.31523,0.33142
0.36519,0.34623,0.45559,0.37254,0.39403,0.43757,0.40737,0.39315,0.31185,0.32809
0.36219,0.34297,0.45365,0.36936,0.39088,0.43536,0.4047,0.39017,0.30851,0.3248
0.35921,0.33974,0.45171,0.3662,0.38776,0.43315,0.40205,0.38721,0.30521,0.32154
0.35626,0.33654,0.44979,0.36308,0.38466,0.43096,0.39942,0.38428,0.30194,0.31831
0.35334,0.33337,0.44787,0.35998,0.38158,0.42877,0.3968,0.38136,0.2987,0.31511
0.35043,0.33023,0.44596,0.3569,0.37853,0.4266,0.3942,0.37847,0.2955,0.31195
0.34755,0.32712,0.44406,0.35386,0.37551,0.42444,0.39162,0.3756,0.29234,0.30882
0.3447,0.32404,0.44217,0.35084,0.37251,0.42229,0.38906,0.37275,0.28921,0.30572
0.34187,0.32099,0.44028,0.34784,0.36953,0.42015,0.38651,0.36993,0.28611,0.30265
0.33906,0.31797,0.4384,0.34487,0.36658,0.41802,0.38398,0.36712,0.28304,0.29961
0.33627,0.31497,0.43653,0.34193,0.36365,0.4159,0.38146,0.36434,0.28001,0.2966
0.33351,0.312,0.43467,0.33901,0.36074,0.4138,0.37897,0.36158,0.27701,0.29362
0.33077,0.30907,0.43282,0.33612,0.35786,0.4117,0.37648,0.35883,0.27405,0.29067
0.32805,0.30616,0.43098,0.33325,0.355,0.40961,0.37402,0.35611,0.27111,0.28775
0.32536,0.30327,0.42914,0.3304,0.35217,0.40754,0.37157,0.35341,0.26821,0.28486
0.32268,0.30042,0.42731,0.32758,0.34935,0.40547,0.36914,0.35073,0.26533,0.282
0.32003,0.29759,0.42549,0.32479,0.34656,0.40342,0.36672,0.34807,0.26249,0.27917
0.3174,0.29479,0.42367,0.32201,0.34379,0.40138,0.36432,0.34543,0.25968,0.27637
0.31479,0.29201,0.42187,0.31926,0.34104,0.39934,0.36193,0.34282,0.2569,0.27359
0.31221,0.28926,0.42007,0.31654,0.33832,0.39732,0.35956,0.34022,0.25415,0.27085
0.30964,0.28654,0.41828,0.31384,0.33562,0.39531,0.35721,0.33764,0.25142,0.26813
0.3071,0.28384,0.41649,0.31116,0.33293,0.3933,0.35487,0.33508,0.24873,0.26543
0.30458,0.28116,0.41472,0.3085,0.33027,0.39131,0.35254,0.33254,0.24607,0.26277
0.30207,0.27852,0.41295,0.30587,0.32763,0.38933,0.35024,0.33001,0.24343,0.26013
0.29959,0.27589,0.41119,0.30326,0.32502,0.38736,0.34794,0.32751,0.24082,0.25752
0.29713,0.2733,0.40944,0.30067,0.32242,0.38539,0.34566,0.32503,0.23824,0.25493
0.29469,0.27072,0.40769,0.2981,0.31984,0.38344,0.3434,0.32256,0.23569,0.25237
0.29227,0.26817,0.40595,0.29556,0.31729,0.3815,0.34115,0.32012,0.23317,0.24984
0.28987,0.26565,0.40422,0.29303,0.31475,0.37957,0.33892,0.31769,0.23067,0.24733
0.28749,0.26315,0.4025,0.29053,0.31224,0.37764,0.3367,0.31528,0.2282,0.24485
0.28512,0.26067,0.40078,0.28805,0.30974,0.37573,0.33449,0.31289,0.22575,0.24239
0.28278,0.25821,0.39908,0.28559,0.30727,0.37383,0.3323,0.31052,0.22334,0.23995
0.28046,0.25578,0.39737,0.28316,0.30481,0.37193,0.33013,0.30817,0.22094,0.23754
0.27815,0.25337,0.39568,0.28074,0.30238,0.37005,0.32797,0.30583,0.21858,0.23516
0.27587,0.25099,0.39399,0.27834,0.29996,0.36817,0.32582,0.30351,0.21624,0.2328
0.2736,0.24862,0.39231,0.27597,0.29756,0.36631,0.32369,0.30121,0.21392,0.23046
0.27135,0.24628,0.39064,0.27361,0.29519,0.36445,0.32157,0.29892,0.21163,0.22815
0.26912,0.24396,0.38898,0.27127,0.29283,0.36261,0.31946,0.29666,0.20936,0.22586
0.26691,0.24166,0.38732,0.26896,0.29049,0.36077,0.31737,0.29441,0.20712,0.22359
0.26472,0.23939,0.38567,0.26666,0.28817,0.35894,0.31529,0.29218,0.2049,0.22134
0.26255,0.23713,0.38402,0.26439,0.28586,0.35712,0.31323,0.28996,0.20271,0.21912
0.26255,0.23713,0.38402,0.26439,0.28586,0.35712,0.31323,0.28996,0.20271,0.21912
0.47331,0.45001,0.58506,0.47665,0.49793,0.56121,0.52141,0.5007,0.41633,0.43229
0.60452,0.58507,0.70034,0.61084,0.632,0.68132,0.64835,0.63222,0.55242,0.56771
0.68859,0.67276,0.77156,0.69805,0.71941,0.7563,0.72899,0.71707,0.64068,0.65549
0.74386,0.73083,0.8188,0.75613,0.77804,0.8058,0.78222,0.77351,0.69872,0.71336
0.78089,0.76981,0.85199,0.79554,0.81825,0.84004,0.81848,0.81196,0.73716,0.75189
0.80595,0.79609,0.87626,0.82255,0.84623,0.8645,0.8437,0.83856,0.76252,0.77756
0.82283,0.81364,0.89442,0.84102,0.86575,0.88228,0.86138,0.85704,0.77893,0.79441
0.83395,0.82502,0.9081,0.85342,0.87921,0.89526,0.87371,0.86971,0.78905,0.80504
0.84089,0.83192,0.91838,0.86137,0.88822,0.90464,0.88209,0.87813,0.79464,0.81119
0.84472,0.8355,0.92599,0.866,0.89385,0.91125,0.88748,0.88334,0.79691,0.81403
0.8462,0.83657,0.93146,0.8681,0.89689,0.91566,0.89056,0.88609,0.79673,0.81441
0.84588,0.83574,0.9352,0.86824,0.8979,0.91834,0.89184,0.88692,0.79469,0.81292
0.84418,0.83345,0.93754,0.86685,0.89731,0.91962,0.89171,0.88625,0.79126,0.81001
0.8414,0.83002,0.93873,0.86428,0.89547,0.91978,0.89046,0.88439,0.78676,0.80602
0.83779,0.82571,0.93899,0.86077,0.89262,0.91904,0.88832,0.8816,0.78146,0.80119
0.83353,0.82073,0.93848,0.85652,0.88897,0.91757,0.88547,0.87807,0.77555,0.79573
0.82877,0.81522,0.93735,0.8517,0.8847,0.91551,0.88206,0.87396,0.76918,0.78978
0.82362,0.80931,0.93572,0.84644,0.87992,0.91298,0.87821,0.86938,0.76247,0.78347
0.81817,0.8031,0.93366,0.84082,0.87475,0.91007,0.87401,0.86444,0.75551,0.77688
0.8125,0.79667,0.93127,0.83494,0.86926,0.90685,0.86953,0.85922,0.74837,0.77009
0.80666,0.79006,0.92861,0.82885,0.86354,0.90339,0.86485,0.85378,0.7411,0.76316
0.8007,0.78334,0.92573,0.82262,0.85763,0.89973,0.85999,0.84818,0.73376,0.75614
0.79465,0.77653,0.92266,0.81627,0.85158,0.89592,0.85502,0.84244,0.72637,0.74905
0.78854,0.76967,0.91945,0.80984,0.84543,0.89199,0.84994,0.83662,0.71895,0.74193
0.7824,0.76279,0.91613,0.80337,0.83921,0.88797,0.8448,0.83073,0.71154,0.7348
0.77624,0.7559,0.91271,0.79686,0.83293,0.88388,0.83961,0.8248,0.70415,0.72767
0.77007,0.74901,0.90922,0.79034,0.82662,0.87973,0.83439,0.81885,0.69679,0.72056
0.76392,0.74214,0.90567,0.78382,0.8203,0.87554,0.82915,0.81288,0.68947,0.71349
0.75778,0.7353,0.90208,0.77731,0.81398,0.87132,0.8239,0.80691,0.6822,0.70645
0.75166,0.72849,0.89846,0.77082,0.80766,0.86708,0.81865,0.80095,0.67498,0.69945
0.74557,0.72173,0.89481,0.76436,0.80136,0.86283,0.8134,0.795,0.66782,0.69251
0.73951,0.715,0.89115,0.75793,0.79508,0.85858,0.80817,0.78907,0.66073,0.68562
0.73349,0.70833,0.88747,0.75154,0.78882,0.85432,0.80295,0.78317,0.65369,0.67878
0.72751,0.70171,0.88379,0.74519,0.7826,0.85007,0.79776,0.7773,0.64673,0.67201
0.72156,0.69514,0.8801,0.73887,0.77641,0.84583,0.79258,0.77146,0.63983,0.66529
0.71566,0.68862,0.87642,0.73261,0.77026,0.84159,0.78743,0.76565,0.63299,0.65864
0.70981,0.68216,0.87274,0.72639,0.76415,0.83737,0.78231,0.75988,0.62623,0.65204
0.70399,0.67576,0.86906,0.72021,0.75808,0.83316,0.77721,0.75415,0.61954,0.64551
0.69822,0.66941,0.8654,0.71408,0.75205,0.82897,0.77214,0.74845,0.61291,0.63904
0.6925,0.66312,0.86174,0.708,0.74607,0.82479,0.7671,0.7428,0.60635,0.63263
0.68682,0.65688,0.85809,0.70197,0.74012,0.82063,0.76209,0.73718,0.59987,0.62629
0.68118,0.6507,0.85445,0.69599,0.73422,0.81649,0.75711,0.7316,0.59345,0.62001
0.67559,0.64458,0.85083,0.69006,0.72837,0.81237,0.75216,0.72606,0.58709,0.61379
0.67004,0.63852,0.84722,0.68418,0.72256,0.80826,0.74724,0.72057,0.58081,0.60763
0.66454,0.63251,0.84362,0.67834,0.71679,0.80417,0.74236,0.71511,0.57459,0.60153
0.65908,0.62655,0.84003,0.67256,0.71107,0.8001,0.7375,0.70969,0.56844,0.59549
0.65367,0.62066,0.83646,0.66682,0.7054,0.79606,0.73267,0.70431,0.56235,0.58951
0.6483,0.61481,0.8329,0.66113,0.69976,0.79203,0.72788,0.69898,0.55633,0.58359
0.64298,0.60902,0.82935,0.65549,0.69418,0.78802,0.72312,0.69368,0.55037,0.57774
0.6377,0.60329,0.82582,0.64989,0.68863,0.78403,0.71838,0.68842,0.54447,0.57194
0.63246,0.59761,0.8223,0.64435,0.68313,0.78006,0.71368,0.68321,0.53864,0.56619
0.62726,0.59198,0.8188,0.63885,0.67768,0.77611,0.70901,0.67803,0.53287,0.56051
0.62211,0.58641,0.81531,0.6334,0.67226,0.77218,0.70437,0.67289,0.52717,0.55488
0.617,0.58089,0.81184,0.62799,0.66689,0.76827,0.69975,0.66779,0.52152,0.54931
0.61193,0.57542,0.80838,0.62263,0.66156,0.76438,0.69517,0.66272,0.51593,0.54379
0.6069,0.57,0.80493,0.61732,0.65628,0.76051,0.69062,0.6577,0.51041,0.53833
0.60192,0.56463,0.8015,0.61205,0.65103,0.75665,0.6861,0.65271,0.50494,0.53293
0.59697,0.55931,0.79809,0.60682,0.64583,0.75282,0.68161,0.64776,0.49953,0.52758
0.59207,0.55405,0.79469,0.60164,0.64067,0.74901,0.67714,0.64285,0.49418,0.52228
0.5872,0.54883,0.7913,0.59651,0.63555,0.74521,0.67271,0.63798,0.48889,0.51703
0.58238,0.54366,0.78793,0.59142,0.63048,0.74144,0.66831,0.63314,0.48365,0.51184
0.57759,0.53854,0.78457,0.58637,0.62544,0.73768,0.66393,0.62834,0.47847,0.5067
0.57285,0.53347,0.78122,0.58136,0.62044,0.73394,0.65958,0.62358,0.47334,0.50162
0.56814,0.52845,0.77789,0.5764,0.61548,0.73023,0.65526,0.61885,0.46827,0.49658
0.56348,0.52347,0.77458,0.57148,0.61057,0.72653,0.65097,0.61416,0.46326,0.49159
0.55885,0.51854,0.77127,0.5666,0.60569,0.72285,0.64671,0.6095,0.4583,0.48666
0.55425,0.51366,0.76799,0.56176,0.60085,0.71918,0.64247,0.60488,0.45339,0.48177
0.5497,0.50882,0.76471,0.55697,0.59605,0.71554,0.63827,0.60029,0.44853,0.47693
0.54518,0.50403,0.76145,0.55221,0.59128,0.71192,0.63409,0.59574,0.44373,0.47214
0.54071,0.49928,0.75821,0.5475,0.58656,0.70831,0.62994,0.59122,0.43897,0.4674
0.53626,0.49458,0.75497,0.54283,0.58187,0.70472,0.62581,0.58674,0.43427,0.46271
0.53186,0.48992,0.75176,0.53819,0.57722,0.70115,0.62171,0.58229,0.42962,0.45806
0.52749,0.48531,0.74855,0.5336,0.57261,0.6976,0.61764,0.57788,0.42502,0.45346
0.52315,0.48074,0.74536,0.52904,0.56803,0.69406,0.6136,0.5735,0.42047,0.44891
0.51886,0.47621,0.74218,0.52453,0.5635,0.69055,0.60958,0.56915,0.41596,0.4444
0.51459,0.47173,0.73902,0.52005,0.55899,0.68705,0.60559,0.56483,0.41151,0.43994
0.51037,0.46728,0.73587,0.51561,0.55453,0.68357,0.60162,0.56055,0.4071,0.43552
0.50617,0.46288,0.73273,0.51121,0.5501,0.68011,0.59768,0.5563,0.40274,0.43115
0.50201,0.45852,0.72961,0.50685,0.5457,0.67666,0.59377,0.55208,0.39842,0.42682
0.49789,0.45421,0.7265,0.50252,0.54134,0.67323,0.58988,0.54789,0.39416,0.42253
0.4938,0.44993,0.7234,0.49823,0.53701,0.66982,0.58602,0.54374,0.38993,0.41829
0.48974,0.44569,0.72032,0.49398,0.53272,0.66643,0.58218,0.53962,0.38576,0.41409
0.48572,0.44149,0.71725,0.48976,0.52847,0.66305,0.57837,0.53553,0.38162,0.40993
0.48173,0.43734,0.71419,0.48558,0.52424,0.65969,0.57458,0.53147,0.37754,0.40582
0.47777,0.43322,0.71114,0.48143,0.52005,0.65635,0.57082,0.52744,0.37349,0.40174
0.47384,0.42914,0.70811,0.47732,0.5159,0.65302,0.56708,0.52344,0.36949,0.39771
0.46995,0.4251,0.70509,0.47325,0.51178,0.64972,0.56337,0.51947,0.36553,0.39371
0.46609,0.42109,0.70209,0.46921,0.50769,0.64642,0.55968,0.51553,0.36162,0.38976
0.46226,0.41713,0.69909,0.4652,0.50363,0.64315,0.55601,0.51162,0.35775,0.38585
0.45846,0.4132,0.69611,0.46123,0.49961,0.63989,0.55237,0.50774,0.35391,0.38197
0.4547,0.40931,0.69315,0.4573,0.49561,0.63665,0.54876,0.50389,0.35012,0.37814
0.45096,0.40546,0.69019,0.45339,0.49165,0.63342,0.54516,0.50007,0.34637,0.37434
0.44726,0.40164,0.68725,0.44952,0.48772,0.63021,0.54159,0.49628,0.34266,0.37058
0.44358,0.39785,0.68432,0.44568,0.48383,0.62702,0.53805,0.49252,0.33899,0.36686
0.43994,0.39411,0.6814,0.44188,0.47996,0.62385,0.53452,0.48878,0.33536,0.36318
0.43632,0.3904,0.6785,0.43811,0.47613,0.62068,0.53102,0.48508,0.33177,0.35953
0.43274,0.38672,0.6756,0.43437,0.47232,0.61754,0.52755,0.4814,0.32821,0.35592
0.42918,0.38308,0.67272,0.43066,0.46855,0.61441,0.52409,0.47775,0.3247,0.35235
0.42566,0.37947,0.66986,0.42698,0.4648,0.6113,0.52066,0.47413,0.32122,0.34881
0.42216,0.3759,0.667,0.42334,0.46109,0.6082,0.51725,0.47053,0.31778,0.3453
0.41869,0.37236,0.66416,0.41973,0.45741,0.60512,0.51386,0.46696,0.31438,0.34184
0.41525,0.36885,0.66133,0.41614,0.45375,0.60205,0.5105,0.46342,0.31101,0.33841
0.41184,0.36538,0.65851,0.41259,0.45012,0.599,0.50716,0.45991,0.30768,0.33501
0.40846,0.36194,0.6557,0.40907,0.44653,0.59597,0.50383,0.45642,0.30438,0.33164
0.4051,0.35853,0.6529,0.40558,0.44296,0.59295,0.50053,0.45296,0.30112,0.32831
0.40177,0.35515,0.65012,0.40211,0.43942,0.58995,0.49726,0.44953,0.2979,0.32502
0.39847,0.35181,0.64735,0.39868,0.43591,0.58696,0.494,0.44612,0.2947,0.32175
0.3952,0.34849,0.64459,0.39528,0.43243,0.58398,0.49077,0.44274,0.29155,0.31852
0.39195,0.34521,0.64184,0.3919,0.42897,0.58103,0.48755,0.43938,0.28843,0.31532
0.38873,0.34196,0.63911,0.38856,0.42554,0.57808,0.48436,0.43605,0.28534,0.31216
0.38554,0.33874,0.63638,0.38524,0.42214,0.57515,0.48119,0.43274,0.28228,0.30902
0.38237,0.33555,0.63367,0.38195,0.41877,0.57224,0.47804,0.42946,0.27926,0.30592
0.37923,0.33239,0.63097,0.37869,0.41542,0.56934,0.47491,0.4262,0.27626,0.30285
0.37611,0.32926,0.62828,0.37546,0.4121,0.56646,0.4718,0.42297,0.27331,0.29981
0.37302,0.32616,0.6256,0.37225,0.40881,0.56359,0.46871,0.41976,0.27038,0.2968
0.36996,0.32309,0.62293,0.36908,0.40554,0.56073,0.46564,0.41658,0.26748,0.29382
0.36692,0.32005,0.62028,0.36593,0.4023,0.55789,0.46259,0.41342,0.26462,0.29087
0.3639,0.31703,0.61763,0.3628,0.39909,0.55506,0.45956,0.41029,0.26178,0.28795
0.36091,0.31405,0.615,0.35971,0.3959,0.55225,0.45655,0.40718,0.25898,0.28505
0.36091,0.31405,0.615,0.35971,0.3959,0.55225,0.45655,0.40718,0.25898,0.28505
0.57087,0.5262,0.81505,0.57116,0.60708,0.75535,0.6638,0.61703,0.472,0.49757
0.70127,0.66054,0.92935,0.70454,0.74028,0.87448,0.7898,0.74767,0.6075,0.63232
0.78455,0.74752,0.99959,0.79095,0.82683,0.94848,0.86952,0.83164,0.69516,0.71946
0.83903,0.80489,1.0459,0.84823,0.8846,0.99701,0.92183,0.88721,0.75262,0.77668
0.87528,0.84317,1.0781,0.88686,0.92396,1.0303,0.95717,0.9248,0.79048,0.81458
0.89956,0.86876,1.1014,0.91309,0.95109,1.0538,0.98148,0.95055,0.81527,0.83962
0.91568,0.88563,1.1186,0.93078,0.96977,1.0706,0.99827,0.96817,0.83112,0.85585
0.92604,0.89633,1.1313,0.94242,0.98241,1.0826,1.0097,0.98,0.84067,0.86586
0.93222,0.90255,1.1406,0.94961,0.99059,1.0911,1.0172,0.98759,0.84571,0.8714
0.9353,0.90547,1.1473,0.95349,0.99541,1.0967,1.0217,0.99197,0.84744,0.87364
0.93603,0.90588,1.1518,0.95484,0.99763,1.1002,1.0239,0.99389,0.84671,0.87342
0.93498,0.9044,1.1546,0.95424,0.99783,1.1019,1.0243,0.9939,0.84414,0.87134
0.93254,0.90146,1.156,0.95212,0.99645,1.1023,1.0233,0.99242,0.84018,0.86784
0.92904,0.89739,1.1563,0.94881,0.99381,1.1015,1.0212,0.98976,0.83516,0.86327
0.92471,0.89245,1.1556,0.94458,0.99018,1.0999,1.0182,0.98617,0.82934,0.85786
0.91973,0.88683,1.1542,0.93962,0.98575,1.0975,1.0145,0.98185,0.82292,0.85183
0.91426,0.8807,1.1521,0.9341,0.9807,1.0945,1.0102,0.97695,0.81604,0.84532
0.90841,0.87418,1.1496,0.92813,0.97516,1.0911,1.0055,0.97159,0.80883,0.83845
0.90226,0.86736,1.1466,0.92181,0.96922,1.0872,1.0005,0.96588,0.80137,0.83131
0.8959,0.86032,1.1433,0.91524,0.96299,1.0831,0.99521,0.95989,0.79374,0.82398
0.88938,0.85311,1.1398,0.90847,0.95652,1.0788,0.9897,0.95368,0.78599,0.81651
0.88274,0.8458,1.136,0.90155,0.94986,1.0742,0.98403,0.94732,0.77816,0.80894
0.87601,0.8384,1.132,0.89453,0.94308,1.0695,0.97824,0.94084,0.77029,0.80133
0.86924,0.83096,1.1279,0.88744,0.9362,1.0647,0.97236,0.93427,0.76241,0.79368
0.86243,0.8235,1.1237,0.8803,0.92925,1.0598,0.96642,0.92764,0.75453,0.78603
0.85562,0.81604,1.1194,0.87313,0.92225,1.0549,0.96043,0.92098,0.74668,0.77839
0.8488,0.80858,1.115,0.86596,0.91523,1.0499,0.95442,0.91429,0.73887,0.77077
0.842,0.80115,1.1106,0.8588,0.9082,1.0448,0.94839,0.9076,0.7311,0.76319
0.83521,0.79375,1.1061,0.85165,0.90117,1.0397,0.94236,0.90091,0.72338,0.75565
0.82846,0.7864,1.1016,0.84453,0.89416,1.0346,0.93633,0.89423,0.71572,0.74816
0.82174,0.77909,1.0971,0.83744,0.88717,1.0295,0.93032,0.88758,0.70812,0.74073
0.81506,0.77182,1.0926,0.83038,0.8802,1.0244,0.92432,0.88095,0.70059,0.73336
0.80841,0.76461,1.0881,0.82337,0.87327,1.0193,0.91834,0.87435,0.69313,0.72604
0.80182,0.75746,1.0835,0.8164,0.86637,1.0143,0.91239,0.86779,0.68574,0.71879
0.79526,0.75037,1.079,0.80948,0.85951,1.0092,0.90646,0.86126,0.67843,0.7116
0.78876,0.74333,1.0745,0.80261,0.8527,1.0041,0.90057,0.85478,0.67118,0.70448
0.7823,0.73635,1.0699,0.7958,0.84593,0.99907,0.8947,0.84833,0.66401,0.69743
0.77589,0.72944,1.0654,0.78903,0.8392,0.99404,0.88887,0.84193,0.65691,0.69044
0.76953,0.72259,1.0609,0.78231,0.83253,0.98903,0.88307,0.83556,0.64988,0.68352
0.76322,0.71579,1.0564,0.77565,0.8259,0.98405,0.8773,0.82925,0.64293,0.67667
0.75695,0.70906,1.052,0.76904,0.81932,0.97908,0.87157,0.82297,0.63605,0.66988
0.75074,0.70239,1.0475,0.76249,0.81278,0.97413,0.86588,0.81675,0.62924,0.66316
0.74458,0.69578,1.043,0.75599,0.8063,0.96921,0.86022,0.81056,0.62251,0.65651
0.73847,0.68924,1.0386,0.74954,0.79987,0.96431,0.85459,0.80442,0.61584,0.64992
0.7324,0.68275,1.0342,0.74315,0.79349,0.95943,0.849,0.79833,0.60925,0.6434
0.72639,0.67632,1.0298,0.73681,0.78715,0.95458,0.84344,0.79228,0.60272,0.63694
0.72042,0.66996,1.0254,0.73053,0.78087,0.94975,0.83792,0.78628,0.59627,0.63054
0.71451,0.66365,1.021,0.72429,0.77463,0.94494,0.83244,0.78032,0.58988,0.62421
0.70864,0.6574,1.0167,0.71811,0.76845,0.94016,0.82699,0.77441,0.58357,0.61795
0.70282,0.65121,1.0124,0.71198,0.76231,0.9354,0.82158,0.76854,0.57732,0.61174
0.69704,0.64508,1.0081,0.70591,0.75622,0.93066,0.8162,0.76271,0.57113,0.6056
0.69132,0.63901,1.0038,0.69988,0.75018,0.92595,0.81086,0.75693,0.56502,0.59952
0.68564,0.63299,0.99949,0.69391,0.74419,0.92126,0.80555,0.75119,0.55896,0.5935
0.68,0.62703,0.99523,0.68799,0.73824,0.91659,0.80027,0.7455,0.55298,0.58754
0.67442,0.62112,0.99099,0.68211,0.73234,0.91195,0.79503,0.73985,0.54705,0.58164
0.66888,0.61528,0.98676,0.67629,0.72649,0.90733,0.78983,0.73424,0.54119,0.5758
0.66338,0.60948,0.98256,0.67052,0.72069,0.90273,0.78466,0.72867,0.5354,0.57002
0.65793,0.60374,0.97837,0.6648,0.71493,0.89816,0.77952,0.72315,0.52966,0.5643
0.65253,0.59806,0.9742,0.65912,0.70922,0.89361,0.77442,0.71766,0.52399,0.55863
0.64717,0.59243,0.97005,0.6535,0.70355,0.88908,0.76934,0.71222,0.51838,0.55302
0.64185,0.58685,0.96591,0.64792,0.69793,0.88458,0.76431,0.70682,0.51282,0.54747
0.63658,0.58132,0.96179,0.64239,0.69235,0.8801,0.7593,0.70146,0.50733,0.54197
0.63135,0.57585,0.9577,0.6369,0.68682,0.87564,0.75433,0.69614,0.5019,0.53653
0.62616,0.57042,0.95361,0.63147,0.68133,0.8712,0.74939,0.69087,0.49652,0.53114
0.62101,0.56505,0.94955,0.62608,0.67589,0.86679,0.74448,0.68563,0.4912,0.52581
0.61591,0.55973,0.9455,0.62073,0.67049,0.8624,0.73961,0.68043,0.48594,0.52053
0.61085,0.55446,0.94147,0.61543,0.66513,0.85803,0.73477,0.67527,0.48074,0.5153
0.60583,0.54924,0.93746,0.61018,0.65982,0.85368,0.72995,0.67015,0.47559,0.51013
0.60086,0.54407,0.93346,0.60497,0.65454,0.84936,0.72517,0.66507,0.47049,0.505
0.59592,0.53894,0.92948,0.59981,0.64931,0.84505,0.72043,0.66003,0.46545,0.49993
0.59102,0.53387,0.92552,0.59469,0.64412,0.84077,0.71571,0.65502,0.46047,0.49491
0.58617,0.52884,0.92157,0.58961,0.63898,0.83651,0.71102,0.65006,0.45553,0.48994
0.58135,0.52386,0.91764,0.58458,0.63387,0.83228,0.70637,0.64513,0.45066,0.48502
0.57658,0.51893,0.91373,0.57959,0.62881,0.82806,0.70174,0.64024,0.44583,0.48015
0.57184,0.51404,0.90984,0.57464,0.62378,0.82386,0.69715,0.63538,0.44105,0.47533
0.56714,0.5092,0.90596,0.56973,0.6188,0.81969,0.69258,0.63056,0.43633,0.47056
0.56248,0.5044,0.9021,0.56487,0.61385,0.81554,0.68805,0.62578,0.43165,0.46583
0.55786,0.49965,0.89825,0.56005,0.60895,0.81141,0.68354,0.62104,0.42703,0.46116
0.55328,0.49495,0.89442,0.55527,0.60408,0.8073,0.67906,0.61633,0.42246,0.45653
0.54873,0.49029,0.89061,0.55053,0.59926,0.80321,0.67462,0.61166,0.41793,0.45194
0.54422,0.48567,0.88681,0.54583,0.59447,0.79914,0.6702,0.60702,0.41345,0.4474
0.53975,0.4811,0.88303,0.54117,0.58972,0.79509,0.66581,0.60242,0.40903,0.44291
0.53532,0.47656,0.87927,0.53655,0.585,0.79106,0.66145,0.59785,0.40464,0.43846
0.53092,0.47208,0.87552,0.53197,0.58033,0.78705,0.65712,0.59331,0.40031,0.43406
0.52656,0.46763,0.87179,0.52743,0.57569,0.78306,0.65282,0.58882,0.39602,0.4297
0.52223,0.46323,0.86807,0.52293,0.57109,0.7791,0.64854,0.58435,0.39178,0.42539
0.51794,0.45886,0.86437,0.51846,0.56653,0.77515,0.6443,0.57992,0.38758,0.42112
0.51369,0.45454,0.86068,0.51404,0.562,0.77122,0.64008,0.57552,0.38343,0.41689
0.50947,0.45026,0.85701,0.50965,0.55751,0.76732,0.63589,0.57116,0.37932,0.4127
0.50528,0.44602,0.85336,0.5053,0.55306,0.76343,0.63172,0.56683,0.37526,0.40856
0.50113,0.44182,0.84972,0.50098,0.54864,0.75956,0.62758,0.56253,0.37124,0.40446
0.49701,0.43766,0.8461,0.49671,0.54425,0.75571,0.62347,0.55827,0.36727,0.40039
0.49293,0.43354,0.84249,0.49247,0.5399,0.75188,0.61939,0.55403,0.36333,0.39637
0.48888,0.42946,0.8389,0.48826,0.53559,0.74807,0.61534,0.54983,0.35944,0.39239
0.48486,0.42541,0.83533,0.4841,0.53131,0.74428,0.61131,0.54566,0.35559,0.38845
0.48088,0.42141,0.83176,0.47996,0.52707,0.74051,0.6073,0.54153,0.35178,0.38455
0.47693,0.41744,0.82822,0.47587,0.52285,0.73676,0.60333,0.53742,0.34801,0.38069
0.47301,0.41351,0.82469,0.4718,0.51868,0.73303,0.59938,0.53335,0.34428,0.37687
0.46912,0.40961,0.82117,0.46778,0.51453,0.72932,0.59545,0.5293,0.3406,0.37308
0.46527,0.40576,0.81767,0.46378,0.51042,0.72562,0.59155,0.52529,0.33695,0.36934
0.46145,0.40193,0.81419,0.45982,0.50634,0.72194,0.58768,0.52131,0.33334,0.36563
0.45765,0.39815,0.81071,0.4559,0.5023,0.71829,0.58383,0.51735,0.32977,0.36196
0.45389,0.3944,0.80726,0.45201,0.49828,0.71465,0.58001,0.51343,0.32624,0.35832
0.45017,0.39069,0.80382,0.44815,0.4943,0.71103,0.57621,0.50954,0.32274,0.35473
0.44647,0.38701,0.80039,0.44432,0.49035,0.70743,0.57244,0.50567,0.31928,0.35116
0.4428,0.38336,0.79698,0.44053,0.48643,0.70384,0.56869,0.50184,0.31586,0.34764
0.43916,0.37975,0.79358,0.43677,0.48255,0.70028,0.56496,0.49803,0.31248,0.34415
0.43555,0.37618,0.7902,0.43304,0.47869,0.69673,0.56126,0.49426,0.30913,0.34069
0.43197,0.37263,0.78683,0.42935,0.47486,0.6932,0.55759,0.49051,0.30582,0.33727
0.42843,0.36912,0.78347,0.42568,0.47107,0.68969,0.55394,0.48679,0.30255,0.33388
0.42491,0.36565,0.78013,0.42205,0.46731,0.68619,0.55031,0.4831,0.29931,0.33053
0.42141,0.3622,0.77681,0.41844,0.46357,0.68272,0.54671,0.47944,0.2961,0.32721
0.41795,0.35879,0.7735,0.41487,0.45987,0.67926,0.54313,0.4758,0.29293,0.32393
0.41452,0.35542,0.7702,0.41133,0.45619,0.67582,0.53957,0.47219,0.28979,0.32067
0.41111,0.35207,0.76692,0.40782,0.45255,0.67239,0.53604,0.46861,0.28669,0.31745
0.40774,0.34875,0.76365,0.40434,0.44893,0.66899,0.53253,0.46506,0.28362,0.31427
0.40439,0.34547,0.76039,0.40089,0.44534,0.6656,0.52904,0.46153,0.28058,0.31111
0.40106,0.34221,0.75715,0.39746,0.44179,0.66222,0.52558,0.45804,0.27757,0.30799
0.39777,0.33899,0.75392,0.39407,0.43826,0.65887,0.52213,0.45456,0.2746,0.30489
0.39777,0.33899,0.75392,0.39407,0.43826,0.65887,0.52213,0.45456,0.2746,0.30489
0.3945,0.3358,0.75071,0.39071,0.43475,0.65553,0.51872,0.45112,0.27166,0.30183
0.39126,0.33264,0.74751,0.38737,0.43128,0.65221,0.51532,0.4477,0.26875,0.2988
0.38804,0.32951,0.74432,0.38407,0.42783,0.64891,0.51194,0.4443,0.26587,0.2958
0.38486,0.3264,0.74115,0.38079,0.42442,0.64562,0.50859,0.44093,0.26302,0.29283
0.38169,0.32333,0.73799,0.37754,0.42102,0.64235,0.50526,0.43759,0.2602,0.28989
0.37856,0.32028,0.73484,0.37431,0.41766,0.63909,0.50195,0.43427,0.25742,0.28698
0.37545,0.31727,0.73171,0.37112,0.41432,0.63586,0.49867,0.43098,0.25466,0.2841
0.37236,0.31428,0.72859,0.36795,0.41101,0.63263,0.4954,0.42771,0.25193,0.28125
0.3693,0.31132,0.72548,0.36481,0.40773,0.62943,0.49216,0.42447,0.24923,0.27842
0.36627,0.30839,0.72239,0.3617,0.40447,0.62624,0.48893,0.42125,0.24656,0.27563
0.36326,0.30548,0.71931,0.35861,0.40124,0.62307,0.48573,0.41805,0.24392,0.27286
0.36028,0.30261,0.71625,0.35555,0.39803,0.61991,0.48255,0.41489,0.24131,0.27012
0.35732,0.29976,0.71319,0.35251,0.39485,0.61677,0.47939,0.41174,0.23872,0.26741
0.35438,0.29693,0.71015,0.3495,0.3917,0.61365,0.47625,0.40862,0.23617,0.26472
0.35147,0.29414,0.70712,0.34652,0.38857,0.61054,0.47313,0.40552,0.23364,0.26206
0.34858,0.29137,0.70411,0.34356,0.38546,0.60744,0.47004,0.40244,0.23114,0.25943
0.34572,0.28862,0.70111,0.34063,0.38238,0.60437,0.46696,0.39939,0.22866,0.25683
0.34288,0.28591,0.69812,0.33772,0.37933,0.6013,0.4639,0.39636,0.22621,0.25425
0.34006,0.28321,0.69514,0.33484,0.37629,0.59826,0.46086,0.39336,0.22379,0.25169
0.33727,0.28055,0.69218,0.33198,0.37329,0.59523,0.45784,0.39038,0.22139,0.24917
0.3345,0.2779,0.68923,0.32915,0.37031,0.59221,0.45485,0.38742,0.21902,0.24666
0.33175,0.27529,0.68629,0.32634,0.36735,0.58921,0.45187,0.38448,0.21667,0.24419
0.32902,0.2727,0.68336,0.32355,0.36441,0.58623,0.44891,0.38156,0.21435,0.24174
0.32632,0.27013,0.68045,0.32079,0.3615,0.58326,0.44597,0.37867,0.21206,0.23931
0.32364,0.26758,0.67755,0.31805,0.35861,0.5803,0.44305,0.3758,0.20978,0.23691
0.32098,0.26506,0.67466,0.31533,0.35574,0.57736,0.44015,0.37295,0.20754,0.23453
0.31834,0.26257,0.67179,0.31264,0.3529,0.57444,0.43727,0.37012,0.20531,0.23217
0.31573,0.26009,0.66892,0.30997,0.35008,0.57153,0.4344,0.36732,0.20311,0.22984
0.31313,0.25765,0.66607,0.30733,0.34729,0.56863,0.43156,0.36453,0.20094,0.22753
0.31056,0.25522,0.66323,0.3047,0.34451,0.56575,0.42873,0.36177,0.19879,0.22525
0.30801,0.25282,0.6604,0.3021,0.34176,0.56288,0.42592,0.35902,0.19666,0.22299
0.30548,0.25043,0.65759,0.29952,0.33903,0.56003,0.42314,0.3563,0.19455,0.22075
0.30297,0.24808,0.65478,0.29697,0.33632,0.55719,0.42037,0.3536,0.19247,0.21853
0.30048,0.24574,0.65199,0.29443,0.33363,0.55437,0.41761,0.35092,0.19041,0.21634
0.29801,0.24343,0.64921,0.29192,0.33096,0.55156,0.41488,0.34826,0.18837,0.21416
0.29556,0.24113,0.64645,0.28943,0.32832,0.54877,0.41216,0.34562,0.18635,0.21201
0.29313,0.23886,0.64369,0.28696,0.3257,0.54599,0.40946,0.343,0.18435,0.20988
0.29073,0.23661,0.64095,0.28451,0.32309,0.54322,0.40678,0.3404,0.18238,0.20778
0.28834,0.23439,0.63821,0.28208,0.32051,0.54047,0.40412,0.33782,0.18042,0.20569
0.28597,0.23218,0.63549,0.27967,0.31795,0.53773,0.40147,0.33525,0.17849,0.20362
0.28362,0.22999,0.63278,0.27728,0.31541,0.53501,0.39884,0.33271,0.17658,0.20158
0.28129,0.22783,0.63009,0.27492,0.31289,0.5323,0.39623,0.33019,0.17469,0.19956
0.27898,0.22568,0.6274,0.27257,0.31039,0.5296,0.39364,0.32769,0.17282,0.19755
0.27668,0.22355,0.62473,0.27024,0.30791,0.52692,0.39106,0.3252,0.17097,0.19557
0.27441,0.22145,0.62206,0.26794,0.30545,0.52425,0.3885,0.32274,0.16913,0.1936
0.27216,0.21936,0.61941,0.26565,0.30301,0.52159,0.38595,0.32029,0.16732,0.19166
0.26992,0.2173,0.61677,0.26338,0.30059,0.51895,0.38343,0.31786,0.16553,0.18974
0.2677,0.21525,0.61414,0.26113,0.29819,0.51632,0.38092,0.31545,0.16376,0.18783
0.2655,0.21322,0.61152,0.2589,0.2958,0.5137,0.37842,0.31306,0.162,0.18595
0.26332,0.21122,0.60892,0.25669,0.29344,0.5111,0.37594,0.31068,0.16027,0.18408
0.26116,0.20923,0.60632,0.2545,0.29109,0.50851,0.37348,0.30833,0.15855,0.18223
0.25901,0.20726,0.60374,0.25233,0.28877,0.50594,0.37104,0.30599,0.15685,0.1804
0.25689,0.20531,0.60116,0.25018,0.28646,0.50337,0.36861,0.30367,0.15517,0.17859
0.25478,0.20337,0.5986,0.24804,0.28417,0.50082,0.36619,0.30137,0.15351,0.17679
0.25268,0.20146,0.59605,0.24592,0.2819,0.49829,0.36379,0.29908,0.15187,0.17502
0.25061,0.19956,0.59351,0.24382,0.27965,0.49576,0.36141,0.29682,0.15024,0.17326
0.24855,0.19768,0.59098,0.24174,0.27741,0.49325,0.35905,0.29457,0.14863,0.17152
0.24651,0.19582,0.58846,0.23968,0.2752,0.49075,0.35669,0.29233,0.14704,0.1698
0.24448,0.19397,0.58595,0.23763,0.273,0.48826,0.35436,0.29012,0.14546,0.1681
0.24247,0.19215,0.58345,0.2356,0.27082,0.48579,0.35204,0.28792,0.1439,0.16641
0.24048,0.19034,0.58096,0.23359,0.26865,0.48333,0.34973,0.28573,0.14236,0.16474
0.2385,0.18855,0.57849,0.2316,0.26651,0.48088,0.34744,0.28357,0.14084,0.16308
0.23654,0.18677,0.57602,0.22962,0.26438,0.47844,0.34517,0.28142,0.13933,0.16144
0.2346,0.18501,0.57356,0.22766,0.26226,0.47602,0.34291,0.27928,0.13784,0.15982
0.23267,0.18327,0.57112,0.22572,0.26017,0.47361,0.34066,0.27716,0.13636,0.15822
0.23076,0.18154,0.56868,0.22379,0.25809,0.47121,0.33843,0.27506,0.1349,0.15663
0.22887,0.17983,0.56626,0.22188,0.25603,0.46882,0.33622,0.27298,0.13346,0.15506
0.22699,0.17814,0.56385,0.21999,0.25398,0.46645,0.33401,0.27091,0.13203,0.1535
0.22512,0.17646,0.56144,0.21811,0.25195,0.46408,0.33183,0.26885,0.13061,0.15196
0.22327,0.1748,0.55905,0.21625,0.24994,0.46173,0.32965,0.26682,0.12921,0.15043
0.22144,0.17315,0.55667,0.2144,0.24794,0.45939,0.3275,0.26479,0.12783,0.14892
0.21962,0.17152,0.55429,0.21257,0.24596,0.45707,0.32535,0.26278,0.12646,0.14743
0.21781,0.16991,0.55193,0.21076,0.244,0.45475,0.32322,0.26079,0.1251,0.14595
0.21602,0.16831,0.54958,0.20896,0.24205,0.45245,0.3211,0.25881,0.12376,0.14448
0.21425,0.16672,0.54723,0.20717,0.24011,0.45015,0.319,0.25685,0.12244,0.14303
0.21249,0.16515,0.5449,0.20541,0.23819,0.44787,0.31691,0.2549,0.12113,0.14159
0.21074,0.1636,0.54258,0.20365,0.23629,0.4456,0.31484,0.25297,0.11983,0.14017
0.20901,0.16206,0.54026,0.20191,0.2344,0.44335,0.31278,0.25105,0.11855,0.13876
0.20729,0.16053,0.53796,0.20019,0.23253,0.4411,0.31073,0.24915,0.11728,0.13737
0.20559,0.15902,0.53567,0.19848,0.23067,0.43887,0.30869,0.24726,0.11602,0.13599
0.2039,0.15752,0.53338,0.19679,0.22883,0.43664,0.30667,0.24539,0.11478,0.13463
0.20223,0.15604,0.53111,0.19511,0.227,0.43443,0.30466,0.24353,0.11355,0.13327
0.20057,0.15457,0.52885,0.19344,0.22518,0.43223,0.30267,0.24168,0.11233,0.13194
0.19892,0.15311,0.52659,0.19179,0.22339,0.43004,0.30069,0.23985,0.11113,0.13061
0.19728,0.15167,0.52435,0.19015,0.2216,0.42786,0.29872,0.23803,0.10994,0.1293
0.19566,0.15024,0.52211,0.18853,0.21983,0.42569,0.29676,0.23622,0.10876,0.128
0.19405,0.14883,0.51989,0.18692,0.21807,0.42354,0.29482,0.23443,0.1076,0.12672
0.19246,0.14743,0.51767,0.18532,0.21633,0.42139,0.29289,0.23265,0.10644,0.12544
0.19088,0.14604,0.51546,0.18374,0.2146,0.41926,0.29097,0.23089,0.1053,0.12418
0.18931,0.14466,0.51327,0.18217,0.21289,0.41713,0.28906,0.22914,0.10418,0.12294
0.18776,0.1433,0.51108,0.18062,0.21119,0.41502,0.28717,0.2274,0.10306,0.1217
0.18621,0.14195,0.5089,0.17908,0.2095,0.41292,0.28529,0.22568,0.10196,0.12048
0.18468,0.14062,0.50673,0.17755,0.20782,0.41082,0.28342,0.22397,0.10086,0.11927
0.18317,0.13929,0.50457,0.17603,0.20616,0.40874,0.28157,0.22227,0.099783,0.11807
0.18166,0.13798,0.50242,0.17453,0.20452,0.40667,0.27972,0.22058,0.098714,0.11689
0.18017,0.13668,0.50028,0.17304,0.20288,0.40461,0.27789,0.21891,0.097657,0.11571
0.17869,0.13539,0.49814,0.17156,0.20126,0.40256,0.27607,0.21725,0.096611,0.11455
0.17722,0.13412,0.49602,0.1701,0.19965,0.40052,0.27426,0.2156,0.095576,0.1134
0.17576,0.13285,0.4939,0.16865,0.19806,0.39849,0.27247,0.21397,0.094552,0.11226
0.17432,0.1316,0.4918,0.16721,0.19648,0.39647,0.27068,0.21235,0.093539,0.11114
0.17289,0.13036,0.4897,0.16578,0.19491,0.39447,0.26891,0.21074,0.092537,0.11002
0.17147,0.12914,0.48762,0.16436,0.19335,0.39247,0.26715,0.20914,0.091546,0.10892
0.17006,0.12792,0.48554,0.16296,0.1918,0.39048,0.2654,0.20755,0.090565,0.10782
0.16866,0.12672,0.48347,0.16157,0.19027,0.3885,0.26366,0.20598,0.089595,0.10674
0.16728,0.12552,0.48141,0.16019,0.18875,0.38653,0.26194,0.20442,0.088636,0.10567
0.1659,0.12434,0.47935,0.15882,0.18724,0.38457,0.26022,0.20287,0.087686,0.10461
0.16454,0.12317,0.47731,0.15747,0.18575,0.38263,0.25852,0.20133,0.086747,0.10356
0.16319,0.12201,0.47527,0.15612,0.18426,0.38069,0.25682,0.1998,0.085818,0.10252
0.16185,0.12086,0.47325,0.15479,0.18279,0.37876,0.25514,0.19829,0.084898,0.10149
0.16052,0.11972,0.47123,0.15347,0.18133,0.37684,0.25347,0.19678,0.083989,0.10047
0.1592,0.11859,0.46922,0.15216,0.17988,0.37493,0.25181,0.19529,0.083089,0.099459
0.15789,0.11748,0.46722,0.15086,0.17844,0.37303,0.25016,0.19381,0.082199,0.09846
0.15659,0.11637,0.46523,0.14957,0.17702,0.37114,0.24853,0.19234,0.081319,0.097471
0.15531,0.11528,0.46325,0.1483,0.1756,0.36926,0.2469,0.19088,0.080448,0.096493
0.15403,0.11419,0.46127,0.14703,0.1742,0.36739,0.24528,0.18944,0.079586,0.095524
0.15276,0.11311,0.45931,0.14578,0.17281,0.36553,0.24367,0.188,0.078734,0.094564
0.15151,0.11205,0.45735,0.14453,0.17143,0.36368,0.24208,0.18658,0.07789,0.093615
0.15026,0.11099,0.4554,0.1433,0.17006,0.36183,0.24049,0.18516,0.077056,0.092675
0.14903,0.10995,0.45346,0.14207,0.1687,0.36,0.23892,0.18376,0.076231,0.091744
0.14903,0.10995,0.45346,0.14207,0.1687,0.36,0.23892,0.18376,0.076231,0.091744
0.36073,0.32403,0.6542,0.35538,0.3817,0.56408,0.44759,0.3953,0.29121,0.3062
0.49286,0.46027,0.76918,0.49061,0.5167,0.68417,0.57501,0.52762,0.42864,0.44288
0.57785,0.54914,0.84011,0.57884,0.60503,0.75913,0.65613,0.61327,0.51823,0.53191
0.63403,0.60837,0.88705,0.63794,0.66457,0.80863,0.70984,0.67049,0.57758,0.59102
0.67196,0.64851,0.91996,0.67836,0.70569,0.84285,0.74657,0.70972,0.61731,0.63079
0.69791,0.67593,0.94394,0.70636,0.73457,0.86729,0.77226,0.7371,0.64396,0.65767
0.71568,0.69461,0.9618,0.72583,0.75498,0.88506,0.79042,0.75634,0.66164,0.67572
0.72769,0.70711,0.9752,0.73921,0.76933,0.89803,0.80321,0.76978,0.67301,0.68754
0.7355,0.71512,0.9852,0.74814,0.77921,0.9074,0.81205,0.77896,0.67984,0.69487
0.74019,0.7198,0.99252,0.75374,0.78572,0.91398,0.81789,0.78492,0.68335,0.69888
0.74253,0.72196,0.9977,0.75679,0.78962,0.91839,0.82143,0.78841,0.68438,0.70042
0.74307,0.72221,1.0012,0.75788,0.79149,0.92105,0.82317,0.78998,0.68355,0.70008
0.74221,0.72098,1.0032,0.75744,0.79175,0.92232,0.82349,0.79005,0.68131,0.6983
0.74027,0.71861,1.0041,0.7558,0.79075,0.92247,0.82268,0.78892,0.67799,0.69543
0.73749,0.71535,1.0041,0.75321,0.78874,0.92171,0.82098,0.78686,0.67385,0.69171
0.73405,0.71141,1.0033,0.74989,0.78592,0.92022,0.81857,0.78404,0.6691,0.68735
0.7301,0.70693,1.0019,0.74598,0.78247,0.91815,0.8156,0.78064,0.66387,0.68249
0.72576,0.70205,1,0.74161,0.77851,0.91561,0.81219,0.77677,0.65829,0.67725
0.72112,0.69685,0.99768,0.73689,0.77414,0.91268,0.80842,0.77254,0.65244,0.67173
0.71625,0.69141,0.99502,0.7319,0.76947,0.90945,0.80438,0.76801,0.6464,0.666
0.7112,0.6858,0.99209,0.72669,0.76454,0.90598,0.80012,0.76326,0.64023,0.66011
0.70602,0.68005,0.98893,0.72133,0.75942,0.90231,0.79569,0.75834,0.63396,0.65412
0.70075,0.67422,0.9856,0.71584,0.75416,0.89849,0.79113,0.7533,0.62764,0.64806
0.69542,0.66833,0.98212,0.71028,0.74879,0.89454,0.78648,0.74815,0.62129,0.64195
0.69004,0.6624,0.97853,0.70465,0.74333,0.89051,0.78175,0.74293,0.61492,0.63583
0.68464,0.65645,0.97484,0.69899,0.73782,0.8864,0.77697,0.73767,0.60857,0.62969
0.67923,0.6505,0.97109,0.6933,0.73228,0.88224,0.77216,0.73237,0.60223,0.62357
0.67381,0.64456,0.96728,0.68761,0.72671,0.87804,0.76733,0.72706,0.59592,0.61747
0.66841,0.63863,0.96342,0.68192,0.72113,0.8738,0.76248,0.72174,0.58965,0.61139
0.66303,0.63274,0.95954,0.67625,0.71556,0.86955,0.75763,0.71642,0.58343,0.60535
0.65767,0.62687,0.95563,0.67059,0.70999,0.86529,0.75279,0.71112,0.57725,0.59935
0.65233,0.62104,0.95171,0.66497,0.70444,0.86103,0.74795,0.70583,0.57112,0.5934
0.64703,0.61526,0.94777,0.65937,0.69891,0.85676,0.74313,0.70056,0.56505,0.58749
0.64176,0.60951,0.94383,0.6538,0.69341,0.85249,0.73832,0.69531,0.55903,0.58163
0.63652,0.60381,0.93989,0.64827,0.68793,0.84824,0.73354,0.69009,0.55307,0.57582
0.63132,0.59815,0.93595,0.64277,0.68249,0.84399,0.72877,0.6849,0.54717,0.57006
0.62615,0.59254,0.93202,0.63732,0.67708,0.83976,0.72403,0.67974,0.54132,0.56436
0.62102,0.58698,0.92809,0.6319,0.6717,0.83554,0.71932,0.67462,0.53554,0.55871
0.61594,0.58147,0.92417,0.62653,0.66636,0.83133,0.71463,0.66952,0.52981,0.55311
0.61089,0.57601,0.92027,0.6212,0.66106,0.82714,0.70997,0.66447,0.52414,0.54756
0.60588,0.57059,0.91637,0.61591,0.6558,0.82297,0.70533,0.65944,0.51854,0.54207
0.60091,0.56523,0.91248,0.61066,0.65057,0.81882,0.70072,0.65446,0.51299,0.53664
0.59597,0.55991,0.90861,0.60546,0.64539,0.81468,0.69614,0.6495,0.5075,0.53125
0.59108,0.55464,0.90475,0.6003,0.64024,0.81056,0.69159,0.64459,0.50206,0.52592
0.58623,0.54942,0.90091,0.59518,0.63513,0.80646,0.68707,0.6397,0.49669,0.52065
0.58142,0.54425,0.89707,0.5901,0.63006,0.80238,0.68257,0.63486,0.49137,0.51542
0.57664,0.53913,0.89326,0.58507,0.62504,0.79832,0.67811,0.63005,0.48611,0.51025
0.57191,0.53405,0.88946,0.58008,0.62005,0.79428,0.67367,0.62528,0.4809,0.50512
0.56721,0.52903,0.88567,0.57513,0.61509,0.79026,0.66926,0.62054,0.47575,0.50005
0.56255,0.52404,0.8819,0.57022,0.61018,0.78626,0.66488,0.61583,0.47066,0.49503
0.55793,0.51911,0.87814,0.56535,0.60531,0.78228,0.66053,0.61117,0.46562,0.49006
0.55335,0.51422,0.8744,0.56053,0.60047,0.77832,0.6562,0.60653,0.46063,0.48514
0.5488,0.50938,0.87068,0.55575,0.59568,0.77438,0.65191,0.60194,0.4557,0.48027
0.54429,0.50458,0.86697,0.551,0.59092,0.77046,0.64764,0.59737,0.45082,0.47545
0.53982,0.49983,0.86327,0.5463,0.5862,0.76655,0.6434,0.59284,0.44599,0.47068
0.53538,0.49513,0.85959,0.54164,0.58152,0.76267,0.63919,0.58835,0.44121,0.46595
0.53099,0.49046,0.85593,0.53701,0.57687,0.75881,0.635,0.58389,0.43648,0.46127
0.52662,0.48585,0.85228,0.53243,0.57226,0.75497,0.63085,0.57946,0.43181,0.45664
0.5223,0.48127,0.84865,0.52789,0.56769,0.75114,0.62671,0.57507,0.42718,0.45205
0.51801,0.47674,0.84503,0.52338,0.56315,0.74734,0.62261,0.57071,0.42261,0.44752
0.51375,0.47225,0.84143,0.51891,0.55865,0.74355,0.61853,0.56638,0.41808,0.44302
0.50953,0.4678,0.83784,0.51448,0.55419,0.73978,0.61448,0.56209,0.4136,0.43857
0.50534,0.4634,0.83427,0.51009,0.54976,0.73604,0.61046,0.55783,0.40917,0.43417
0.50119,0.45903,0.83072,0.50574,0.54537,0.73231,0.60646,0.5536,0.40479,0.42981
0.49707,0.45471,0.82717,0.50142,0.54101,0.7286,0.60249,0.5494,0.40045,0.42549
0.49299,0.45043,0.82365,0.49714,0.53669,0.72491,0.59855,0.54523,0.39616,0.42122
0.48894,0.44619,0.82014,0.4929,0.5324,0.72123,0.59463,0.5411,0.39192,0.41699
0.48492,0.44198,0.81664,0.48869,0.52814,0.71758,0.59073,0.537,0.38772,0.4128
0.48094,0.43782,0.81316,0.48452,0.52392,0.71394,0.58687,0.53293,0.38357,0.40866
0.47699,0.4337,0.80969,0.48038,0.51974,0.71033,0.58302,0.52888,0.37946,0.40456
0.47307,0.42961,0.80624,0.47628,0.51559,0.70673,0.5792,0.52487,0.3754,0.40049
0.46918,0.42557,0.8028,0.47221,0.51147,0.70315,0.57541,0.52089,0.37138,0.39647
0.46533,0.42156,0.79938,0.46818,0.50738,0.69959,0.57164,0.51695,0.3674,0.39249
0.4615,0.41759,0.79597,0.46419,0.50332,0.69604,0.5679,0.51303,0.36346,0.38855
0.45771,0.41366,0.79258,0.46022,0.4993,0.69251,0.56418,0.50914,0.35957,0.38465
0.45395,0.40976,0.7892,0.4563,0.49531,0.68901,0.56049,0.50528,0.35572,0.38079
0.45022,0.4059,0.78584,0.4524,0.49135,0.68552,0.55682,0.50144,0.35191,0.37696
0.44652,0.40208,0.78249,0.44854,0.48743,0.68204,0.55317,0.49764,0.34814,0.37318
0.44286,0.3983,0.77915,0.44471,0.48353,0.67859,0.54955,0.49387,0.34441,0.36943
0.43922,0.39454,0.77583,0.44091,0.47967,0.67515,0.54595,0.49012,0.34072,0.36572
0.43561,0.39083,0.77252,0.43715,0.47584,0.67173,0.54238,0.48641,0.33707,0.36205
0.43203,0.38715,0.76923,0.43342,0.47204,0.66833,0.53882,0.48272,0.33346,0.35841
0.42848,0.3835,0.76595,0.42972,0.46826,0.66494,0.5353,0.47906,0.32989,0.35481
0.42496,0.37989,0.76269,0.42605,0.46452,0.66157,0.53179,0.47543,0.32635,0.35125
0.42147,0.37631,0.75943,0.42241,0.46081,0.65822,0.52831,0.47182,0.32286,0.34772
0.41801,0.37277,0.7562,0.41881,0.45713,0.65488,0.52485,0.46825,0.3194,0.34423
0.41457,0.36926,0.75297,0.41523,0.45348,0.65157,0.52141,0.4647,0.31598,0.34078
0.41117,0.36578,0.74976,0.41169,0.44985,0.64827,0.518,0.46117,0.31259,0.33735
0.40779,0.36234,0.74657,0.40817,0.44626,0.64498,0.51461,0.45767,0.30925,0.33397
0.40444,0.35893,0.74338,0.40469,0.44269,0.64171,0.51124,0.4542,0.30593,0.33061
0.40111,0.35555,0.74021,0.40123,0.43915,0.63846,0.50789,0.45076,0.30266,0.32729
0.39782,0.3522,0.73706,0.39781,0.43564,0.63523,0.50456,0.44734,0.29941,0.32401
0.39455,0.34888,0.73392,0.39441,0.43216,0.63201,0.50126,0.44395,0.29621,0.32075
0.39131,0.34559,0.73079,0.39105,0.42871,0.62881,0.49798,0.44059,0.29303,0.31753
0.38809,0.34234,0.72767,0.38771,0.42528,0.62562,0.49472,0.43724,0.28989,0.31434
0.38491,0.33912,0.72457,0.3844,0.42189,0.62245,0.49148,0.43393,0.28679,0.31119
0.38174,0.33592,0.72148,0.38112,0.41852,0.6193,0.48826,0.43064,0.28372,0.30806
0.37861,0.33276,0.71841,0.37786,0.41517,0.61616,0.48506,0.42737,0.28068,0.30497
0.3755,0.32963,0.71534,0.37464,0.41185,0.61304,0.48188,0.42413,0.27767,0.30191
0.37241,0.32652,0.71229,0.37144,0.40856,0.60993,0.47873,0.42092,0.2747,0.29888
0.36935,0.32345,0.70926,0.36827,0.4053,0.60684,0.47559,0.41773,0.27176,0.29587
0.36632,0.3204,0.70623,0.36513,0.40206,0.60377,0.47248,0.41456,0.26884,0.2929
0.36331,0.31738,0.70322,0.36201,0.39885,0.60071,0.46939,0.41142,0.26596,0.28996
0.36032,0.31439,0.70023,0.35892,0.39566,0.59767,0.46631,0.4083,0.26312,0.28705
0.35736,0.31143,0.69724,0.35586,0.3925,0.59464,0.46326,0.4052,0.2603,0.28417
0.35443,0.3085,0.69427,0.35282,0.38936,0.59163,0.46022,0.40213,0.25751,0.28132
0.35151,0.3056,0.69131,0.34981,0.38625,0.58863,0.45721,0.39908,0.25475,0.27849
0.34863,0.30272,0.68836,0.34682,0.38316,0.58565,0.45422,0.39605,0.25202,0.27569
0.34576,0.29987,0.68543,0.34386,0.3801,0.58268,0.45124,0.39305,0.24932,0.27293
0.34292,0.29704,0.6825,0.34092,0.37707,0.57973,0.44829,0.39007,0.24665,0.27018
0.3401,0.29425,0.67959,0.33801,0.37405,0.57679,0.44535,0.38711,0.24401,0.26747
0.33731,0.29147,0.6767,0.33513,0.37106,0.57387,0.44244,0.38418,0.2414,0.26479
0.33454,0.28873,0.67381,0.33227,0.3681,0.57096,0.43954,0.38126,0.23881,0.26213
0.33179,0.28601,0.67094,0.32943,0.36516,0.56807,0.43666,0.37837,0.23625,0.2595
0.32906,0.28332,0.66808,0.32662,0.36224,0.56519,0.4338,0.3755,0.23372,0.25689
0.32636,0.28065,0.66523,0.32383,0.35934,0.56233,0.43096,0.37266,0.23122,0.25431
0.32368,0.27801,0.6624,0.32107,0.35647,0.55948,0.42814,0.36983,0.22874,0.25176
0.32102,0.27539,0.65957,0.31833,0.35363,0.55664,0.42534,0.36703,0.22629,0.24923
0.31838,0.2728,0.65676,0.31561,0.3508,0.55382,0.42255,0.36424,0.22387,0.24673
0.31838,0.2728,0.65676,0.31561,0.3508,0.55382,0.42255,0.36424,0.22387,0.24673
0.52869,0.48534,0.85664,0.52744,0.56234,0.75692,0.63002,0.57442,0.43727,0.45962
0.65944,0.62007,0.97075,0.6612,0.6959,0.87603,0.75624,0.70538,0.57313,0.59476
0.74306,0.70743,1.0408,0.74797,0.7828,0.95003,0.83618,0.78968,0.66117,0.68227
0.79788,0.76517,1.0869,0.80562,0.84092,0.99855,0.88871,0.84556,0.71899,0.73987
0.83447,0.80383,1.119,0.84461,0.88064,1.0318,0.92427,0.88347,0.75721,0.77814
0.85909,0.82978,1.1421,0.8712,0.90811,1.0553,0.94879,0.90953,0.78236,0.80355
0.87553,0.84702,1.1591,0.88926,0.92714,1.0721,0.96579,0.92746,0.79856,0.82013
0.88622,0.85808,1.1717,0.90124,0.94011,1.0841,0.97744,0.93961,0.80846,0.83051
0.89273,0.86467,1.1808,0.90879,0.94863,1.0926,0.98513,0.9475,0.81384,0.8364
0.89613,0.86794,1.1873,0.91302,0.95378,1.0982,0.98985,0.95218,0.81591,0.83899
0.89719,0.86871,1.1917,0.91471,0.95634,1.1017,0.99226,0.9544,0.81552,0.83912
0.89646,0.86758,1.1943,0.91445,0.95687,1.1034,0.99288,0.95472,0.81329,0.83738
0.89434,0.86498,1.1955,0.91267,0.95582,1.1038,0.99209,0.95353,0.80966,0.83423
0.89115,0.86125,1.1956,0.9097,0.9535,1.103,0.99018,0.95117,0.80496,0.82999
0.88713,0.85665,1.1948,0.90581,0.95019,1.1013,0.98738,0.94787,0.79947,0.82492
0.88246,0.85138,1.1932,0.90118,0.94609,1.0989,0.98388,0.94384,0.79337,0.81922
0.8773,0.84558,1.191,0.89598,0.94135,1.0959,0.97983,0.93922,0.78681,0.81303
0.87175,0.83939,1.1883,0.89033,0.93612,1.0925,0.97534,0.93415,0.77991,0.80649
0.8659,0.8329,1.1851,0.88434,0.9305,1.0887,0.9705,0.92872,0.77276,0.79967
0.85984,0.82618,1.1817,0.87809,0.92457,1.0846,0.9654,0.92301,0.76543,0.79265
0.85361,0.8193,1.1779,0.87164,0.91841,1.0802,0.96008,0.91709,0.75798,0.7855
0.84727,0.8123,1.174,0.86503,0.91206,1.0756,0.95461,0.91101,0.75045,0.77825
0.84083,0.80522,1.1699,0.85832,0.90558,1.0709,0.94901,0.9048,0.74288,0.77094
0.83435,0.79809,1.1656,0.85154,0.899,1.0661,0.94332,0.8985,0.7353,0.7636
0.82783,0.79094,1.1612,0.84471,0.89234,1.0612,0.93757,0.89215,0.72771,0.75625
0.8213,0.78378,1.1568,0.83785,0.88564,1.0562,0.93177,0.88575,0.72015,0.74891
0.81476,0.77663,1.1522,0.83098,0.87891,1.0512,0.92594,0.87933,0.71261,0.74159
0.80824,0.7695,1.1477,0.82411,0.87217,1.0462,0.9201,0.8729,0.70513,0.7343
0.80173,0.7624,1.143,0.81726,0.86544,1.0411,0.91426,0.86648,0.69769,0.72705
0.79525,0.75534,1.1384,0.81043,0.85871,1.036,0.90841,0.86006,0.6903,0.71985
0.78881,0.74832,1.1337,0.80363,0.852,1.0309,0.90258,0.85367,0.68298,0.7127
0.78239,0.74135,1.129,0.79687,0.84531,1.0258,0.89677,0.8473,0.67572,0.70561
0.77602,0.73443,1.1243,0.79014,0.83866,1.0207,0.89097,0.84096,0.66853,0.69857
0.76969,0.72756,1.1197,0.78346,0.83204,1.0156,0.8852,0.83465,0.6614,0.6916
0.7634,0.72074,1.115,0.77682,0.82545,1.0105,0.87945,0.82837,0.65434,0.68468
0.75715,0.71399,1.1103,0.77023,0.81891,1.0054,0.87373,0.82213,0.64735,0.67783
0.75095,0.70729,1.1056,0.76368,0.81241,1.0004,0.86804,0.81593,0.64044,0.67105
0.7448,0.70065,1.1009,0.75719,0.80595,0.99534,0.86238,0.80978,0.63359,0.66432
0.7387,0.69406,1.0963,0.75075,0.79954,0.99033,0.85675,0.80366,0.62682,0.65766
0.73264,0.68754,1.0916,0.74436,0.79318,0.98533,0.85116,0.79758,0.62011,0.65107
0.72663,0.68107,1.087,0.73802,0.78686,0.98036,0.8456,0.79155,0.61347,0.64454
0.72067,0.67467,1.0824,0.73173,0.78058,0.9754,0.84007,0.78556,0.60691,0.63807
0.71475,0.66832,1.0778,0.72549,0.77436,0.97048,0.83458,0.77961,0.60041,0.63167
0.70888,0.66203,1.0732,0.7193,0.76818,0.96557,0.82912,0.77371,0.59398,0.62533
0.70306,0.6558,1.0687,0.71317,0.76205,0.96068,0.8237,0.76785,0.58762,0.61906
0.69729,0.64963,1.0641,0.70709,0.75597,0.95582,0.81831,0.76203,0.58133,0.61284
0.69156,0.64351,1.0596,0.70105,0.74993,0.95099,0.81296,0.75626,0.57511,0.60669
0.68588,0.63746,1.0551,0.69507,0.74395,0.94617,0.80764,0.75053,0.56895,0.6006
0.68025,0.63145,1.0506,0.68914,0.73801,0.94138,0.80235,0.74484,0.56285,0.59457
0.67466,0.62551,1.0461,0.68326,0.73211,0.93662,0.7971,0.73919,0.55683,0.5886
0.66912,0.61962,1.0416,0.67743,0.72626,0.93187,0.79188,0.73359,0.55086,0.58269
0.66362,0.61379,1.0372,0.67165,0.72046,0.92715,0.7867,0.72803,0.54496,0.57684
0.65817,0.60801,1.0328,0.66591,0.71471,0.92246,0.78155,0.72251,0.53912,0.57105
0.65276,0.60228,1.0284,0.66023,0.709,0.91779,0.77643,0.71703,0.53335,0.56532
0.6474,0.59661,1.024,0.6546,0.70333,0.91314,0.77134,0.7116,0.52764,0.55964
0.64208,0.59099,1.0196,0.64901,0.69771,0.90851,0.76629,0.7062,0.52199,0.55402
0.63681,0.58543,1.0153,0.64347,0.69214,0.90391,0.76128,0.70085,0.51639,0.54846
0.63158,0.57991,1.011,0.63798,0.68661,0.89933,0.75629,0.69554,0.51086,0.54295
0.62639,0.57445,1.0067,0.63253,0.68112,0.89478,0.75134,0.69026,0.50539,0.5375
0.62124,0.56904,1.0024,0.62713,0.67568,0.89024,0.74642,0.68503,0.49998,0.5321
0.61614,0.56368,0.99809,0.62178,0.67028,0.88573,0.74153,0.67983,0.49462,0.52676
0.61107,0.55838,0.99384,0.61647,0.66493,0.88125,0.73668,0.67468,0.48932,0.52147
0.60605,0.55312,0.9896,0.61121,0.65961,0.87678,0.73185,0.66957,0.48408,0.51623
0.60108,0.54791,0.98538,0.60599,0.65434,0.87234,0.72706,0.66449,0.4789,0.51105
0.59614,0.54275,0.98118,0.60082,0.64911,0.86792,0.7223,0.65945,0.47377,0.50592
0.59124,0.53764,0.977,0.59569,0.64393,0.86352,0.71757,0.65445,0.46869,0.50084
0.58638,0.53258,0.97284,0.5906,0.63878,0.85915,0.71287,0.64949,0.46367,0.49581
0.58156,0.52756,0.96869,0.58556,0.63368,0.8548,0.7082,0.64456,0.45871,0.49083
0.57679,0.52259,0.96456,0.58056,0.62861,0.85047,0.70357,0.63968,0.45379,0.4859
0.57205,0.51767,0.96045,0.57561,0.62359,0.84616,0.69896,0.63483,0.44893,0.48102
0.56735,0.5128,0.95635,0.57069,0.61861,0.84187,0.69438,0.63001,0.44412,0.47619
0.56269,0.50797,0.95228,0.56582,0.61367,0.83761,0.68984,0.62524,0.43937,0.47141
0.55806,0.50318,0.94822,0.56099,0.60876,0.83336,0.68532,0.6205,0.43466,0.46668
0.55348,0.49844,0.94417,0.5562,0.6039,0.82914,0.68083,0.61579,0.43,0.46199
0.54893,0.49375,0.94015,0.55146,0.59907,0.82494,0.67637,0.61112,0.4254,0.45735
0.54442,0.4891,0.93614,0.54675,0.59429,0.82076,0.67194,0.60649,0.42084,0.45276
0.53995,0.48449,0.93215,0.54208,0.58954,0.8166,0.66754,0.60189,0.41633,0.44821
0.53551,0.47993,0.92818,0.53745,0.58483,0.81246,0.66317,0.59733,0.41187,0.44371
0.53111,0.47541,0.92422,0.53287,0.58015,0.80835,0.65883,0.5928,0.40746,0.43926
0.52675,0.47094,0.92028,0.52832,0.57552,0.80425,0.65452,0.5883,0.4031,0.43485
0.52242,0.4665,0.91636,0.52381,0.57092,0.80018,0.65023,0.58384,0.39878,0.43048
0.51813,0.46211,0.91245,0.51934,0.56636,0.79612,0.64597,0.57941,0.39451,0.42616
0.51387,0.45776,0.90856,0.5149,0.56183,0.79209,0.64174,0.57502,0.39028,0.42188
0.50965,0.45344,0.90469,0.51051,0.55734,0.78808,0.63754,0.57066,0.3861,0.41764
0.50546,0.44917,0.90083,0.50615,0.55289,0.78409,0.63336,0.56633,0.38197,0.41345
0.50131,0.44494,0.89699,0.50183,0.54847,0.78011,0.62922,0.56204,0.37787,0.4093
0.49719,0.44075,0.89317,0.49755,0.54409,0.77616,0.6251,0.55778,0.37383,0.40519
0.49311,0.4366,0.88936,0.4933,0.53974,0.77223,0.621,0.55355,0.36982,0.40112
0.48906,0.43249,0.88557,0.48909,0.53543,0.76832,0.61694,0.54935,0.36586,0.39709
0.48504,0.42842,0.88179,0.48491,0.53115,0.76442,0.6129,0.54519,0.36194,0.3931
0.48105,0.42438,0.87803,0.48077,0.5269,0.76055,0.60888,0.54105,0.35806,0.38916
0.4771,0.42039,0.87429,0.47667,0.52269,0.7567,0.6049,0.53695,0.35423,0.38525
0.47318,0.41643,0.87056,0.4726,0.51852,0.75286,0.60094,0.53288,0.35044,0.38138
0.46929,0.41251,0.86685,0.46857,0.51437,0.74905,0.597,0.52884,0.34668,0.37755
0.46544,0.40862,0.86316,0.46457,0.51026,0.74526,0.59309,0.52483,0.34297,0.37376
0.46161,0.40477,0.85948,0.4606,0.50619,0.74148,0.58921,0.52085,0.33929,0.37001
0.45782,0.40096,0.85581,0.45667,0.50214,0.73772,0.58535,0.5169,0.33566,0.36629
0.45406,0.39719,0.85216,0.45277,0.49813,0.73399,0.58152,0.51298,0.33206,0.36261
0.45033,0.39345,0.84853,0.4489,0.49415,0.73027,0.57771,0.50909,0.32851,0.35897
0.44663,0.38974,0.84491,0.44507,0.4902,0.72657,0.57393,0.50523,0.32499,0.35537
0.44296,0.38607,0.84131,0.44127,0.48628,0.72289,0.57017,0.5014,0.32151,0.3518
0.43932,0.38244,0.83772,0.43751,0.4824,0.71922,0.56643,0.4976,0.31806,0.34827
0.43571,0.37883,0.83415,0.43377,0.47854,0.71558,0.56272,0.49383,0.31466,0.34477
0.43213,0.37527,0.8306,0.43007,0.47472,0.71196,0.55904,0.49008,0.31129,0.34131
0.42858,0.37173,0.82706,0.4264,0.47093,0.70835,0.55538,0.48637,0.30795,0.33788
0.42506,0.36823,0.82353,0.42276,0.46716,0.70476,0.55174,0.48268,0.30465,0.33449
0.42157,0.36476,0.82002,0.41915,0.46343,0.70119,0.54813,0.47902,0.30139,0.33113
0.4181,0.36133,0.81652,0.41557,0.45973,0.69764,0.54454,0.47539,0.29816,0.3278
0.41467,0.35793,0.81304,0.41202,0.45605,0.6941,0.54097,0.47178,0.29497,0.32451
0.41126,0.35456,0.80958,0.40851,0.45241,0.69059,0.53743,0.46821,0.29181,0.32125
0.40788,0.35122,0.80613,0.40502,0.4488,0.68709,0.53391,0.46465,0.28868,0.31803
0.40453,0.34791,0.80269,0.40156,0.44521,0.68361,0.53042,0.46113,0.28559,0.31483
0.40121,0.34463,0.79927,0.39813,0.44165,0.68014,0.52694,0.45764,0.28253,0.31167
0.39791,0.34139,0.79586,0.39474,0.43812,0.6767,0.52349,0.45417,0.2795,0.30854
0.39464,0.33817,0.79247,0.39137,0.43462,0.67327,0.52007,0.45072,0.27651,0.30545
0.3914,0.33499,0.78909,0.38803,0.43115,0.66986,0.51666,0.4473,0.27355,0.30238
0.38819,0.33183,0.78573,0.38471,0.4277,0.66646,0.51328,0.44391,0.27062,0.29934
0.385,0.32871,0.78238,0.38143,0.42429,0.66309,0.50992,0.44055,0.26772,0.29634
0.38183,0.32561,0.77904,0.37817,0.4209,0.65973,0.50658,0.43721,0.26485,0.29336
0.38183,0.32561,0.77904,0.37817,0.4209,0.65973,0.50658,0.43721,0.26485,0.29336
0.59162,0.53766,0.9784,0.58947,0.63188,0.86229,0.71349,0.64683,0.47781,0.50579
0.72185,0.67189,1.092,0.7227,0.76488,0.98087,0.83917,0.77724,0.61325,0.64046
0.80496,0.75877,1.1615,0.80895,0.85123,1.0543,0.91857,0.86099,0.70085,0.72752
0.85927,0.81603,1.2071,0.86608,0.90881,1.1023,0.97056,0.91634,0.75825,0.78466
0.89536,0.8542,1.2387,0.90455,0.94798,1.1351,1.0056,0.95371,0.79605,0.82248
0.91947,0.87969,1.2613,0.93063,0.97491,1.158,1.0296,0.97924,0.82078,0.84744
0.93542,0.89645,1.2778,0.94818,0.9934,1.1743,1.046,0.99664,0.83657,0.86359
0.94562,0.90705,1.2898,0.95966,1.0059,1.1858,1.0572,1.0083,0.84606,0.87352
0.95164,0.91318,1.2985,0.96671,1.0138,1.1937,1.0643,1.0156,0.85104,0.87898
0.95456,0.91599,1.3045,0.97044,1.0185,1.1989,1.0685,1.0198,0.85271,0.88115
0.95514,0.91631,1.3083,0.97164,1.0205,1.2018,1.0704,1.0215,0.85193,0.88085
0.95393,0.91473,1.3105,0.9709,1.0205,1.2031,1.0705,1.0213,0.8493,0.8787
0.95134,0.91168,1.3112,0.96864,1.019,1.2029,1.0692,1.0196,0.84529,0.87513
0.94768,0.90752,1.3108,0.96519,1.0162,1.2016,1.0668,1.0168,0.84021,0.87048
0.94319,0.90248,1.3095,0.96082,1.0123,1.1994,1.0635,1.013,0.83434,0.865
0.93807,0.89677,1.3074,0.95572,1.0077,1.1966,1.0595,1.0084,0.82786,0.8589
0.93244,0.89055,1.3047,0.95006,1.0025,1.1931,1.055,1.0033,0.82093,0.85232
0.92644,0.88394,1.3015,0.94395,0.99679,1.1891,1.05,0.99777,0.81367,0.84537
0.92015,0.87702,1.2979,0.9375,0.99069,1.1848,1.0447,0.99186,0.80616,0.83817
0.91364,0.86989,1.2939,0.9308,0.98428,1.1802,1.0391,0.98567,0.79847,0.83076
0.90697,0.8626,1.2897,0.92389,0.97764,1.1754,1.0333,0.97928,0.79067,0.82323
0.90018,0.85519,1.2853,0.91684,0.97082,1.1703,1.0273,0.97272,0.78279,0.8156
0.89332,0.84771,1.2807,0.90969,0.96386,1.1652,1.0213,0.96604,0.77488,0.80791
0.8864,0.84018,1.276,0.90247,0.95681,1.1599,1.0151,0.95928,0.76695,0.8002
0.87946,0.83263,1.2711,0.8952,0.9497,1.1545,1.0089,0.95247,0.75902,0.79248
0.8725,0.82508,1.2662,0.88791,0.94254,1.149,1.0026,0.94561,0.75112,0.78478
0.86554,0.81754,1.2612,0.88061,0.93536,1.1436,0.99631,0.93874,0.74326,0.7771
0.8586,0.81003,1.2562,0.87332,0.92817,1.138,0.99001,0.93186,0.73544,0.76945
0.85168,0.80255,1.2511,0.86605,0.92098,1.1325,0.98371,0.92499,0.72768,0.76185
0.84479,0.79511,1.246,0.85881,0.91381,1.1269,0.97741,0.91813,0.71997,0.7543
0.83794,0.78771,1.2408,0.85159,0.90666,1.1214,0.97113,0.9113,0.71233,0.74681
0.83112,0.78037,1.2357,0.84442,0.89954,1.1158,0.96486,0.90449,0.70476,0.73937
0.82435,0.77308,1.2305,0.83729,0.89245,1.1102,0.95862,0.89771,0.69725,0.732
0.81762,0.76585,1.2254,0.8302,0.8854,1.1047,0.9524,0.89097,0.68982,0.72468
0.81094,0.75867,1.2203,0.82316,0.87839,1.0992,0.94621,0.88427,0.68246,0.71744
0.8043,0.75156,1.2151,0.81618,0.87142,1.0936,0.94006,0.87761,0.67517,0.71026
0.79771,0.7445,1.21,0.80924,0.8645,1.0881,0.93393,0.87099,0.66795,0.70315
0.79118,0.73751,1.2049,0.80236,0.85763,1.0827,0.92784,0.86441,0.66081,0.6961
0.78469,0.73058,1.1998,0.79553,0.85081,1.0772,0.92179,0.85788,0.65374,0.68913
0.77826,0.72371,1.1947,0.78876,0.84403,1.0718,0.91577,0.85139,0.64675,0.68222
0.77187,0.71691,1.1896,0.78204,0.8373,1.0664,0.90979,0.84495,0.63983,0.67537
0.76554,0.71017,1.1846,0.77537,0.83063,1.061,0.90384,0.83856,0.63298,0.6686
0.75925,0.70348,1.1796,0.76876,0.824,1.0556,0.89793,0.83221,0.6262,0.66189
0.75302,0.69686,1.1745,0.76221,0.81743,1.0503,0.89206,0.82591,0.6195,0.65525
0.74684,0.69031,1.1695,0.75571,0.81091,1.0449,0.88622,0.81965,0.61287,0.64867
0.7407,0.68381,1.1646,0.74926,0.80443,1.0397,0.88042,0.81344,0.6063,0.64216
0.73462,0.67737,1.1596,0.74287,0.79801,1.0344,0.87466,0.80728,0.59981,0.63571
0.72859,0.67099,1.1547,0.73653,0.79164,1.0292,0.86894,0.80116,0.59339,0.62933
0.7226,0.66468,1.1498,0.73024,0.78532,1.024,0.86325,0.79509,0.58703,0.62301
0.71667,0.65842,1.1449,0.72401,0.77904,1.0188,0.8576,0.78906,0.58075,0.61676
0.71078,0.65222,1.14,0.71783,0.77282,1.0136,0.85198,0.78308,0.57453,0.61057
0.70494,0.64608,1.1351,0.71171,0.76665,1.0085,0.84641,0.77715,0.56837,0.60444
0.69915,0.63999,1.1303,0.70563,0.76052,1.0034,0.84086,0.77125,0.56228,0.59837
0.6934,0.63397,1.1255,0.69961,0.75445,0.99829,0.83536,0.76541,0.55626,0.59236
0.68771,0.628,1.1207,0.69364,0.74842,0.99323,0.82989,0.7596,0.5503,0.58641
0.68206,0.62208,1.1159,0.68772,0.74244,0.9882,0.82446,0.75385,0.54441,0.58052
0.67645,0.61623,1.1111,0.68185,0.73651,0.98319,0.81906,0.74813,0.53858,0.57469
0.6709,0.61042,1.1064,0.67603,0.73062,0.97821,0.81369,0.74246,0.53281,0.56892
0.66539,0.60468,1.1017,0.67026,0.72479,0.97326,0.80837,0.73683,0.5271,0.56321
0.65992,0.59898,1.097,0.66454,0.719,0.96833,0.80307,0.73124,0.52146,0.55755
0.6545,0.59334,1.0923,0.65886,0.71325,0.96342,0.79781,0.7257,0.51587,0.55196
0.64912,0.58775,1.0877,0.65324,0.70755,0.95854,0.79259,0.7202,0.51034,0.54641
0.64379,0.58222,1.083,0.64766,0.7019,0.95368,0.7874,0.71474,0.50488,0.54093
0.6385,0.57674,1.0784,0.64214,0.69629,0.94885,0.78224,0.70932,0.49947,0.5355
0.63325,0.5713,1.0738,0.63665,0.69073,0.94405,0.77712,0.70394,0.49412,0.53012
0.62805,0.56592,1.0692,0.63122,0.68521,0.93926,0.77203,0.6986,0.48883,0.5248
0.62289,0.56059,1.0647,0.62583,0.67973,0.93451,0.76698,0.6933,0.48359,0.51953
0.61777,0.55532,1.0601,0.62049,0.6743,0.92977,0.76196,0.68805,0.47841,0.51431
0.6127,0.55009,1.0556,0.61519,0.66891,0.92506,0.75697,0.68283,0.47329,0.50914
0.60766,0.54491,1.0511,0.60994,0.66357,0.92037,0.75201,0.67765,0.46822,0.50403
0.60267,0.53977,1.0466,0.60473,0.65827,0.91571,0.74709,0.67251,0.4632,0.49897
0.59772,0.53469,1.0422,0.59957,0.65301,0.91107,0.74219,0.66742,0.45824,0.49396
0.59281,0.52966,1.0377,0.59445,0.64779,0.90646,0.73733,0.66236,0.45333,0.489
0.58794,0.52467,1.0333,0.58938,0.64261,0.90186,0.73251,0.65733,0.44848,0.48409
0.58311,0.51973,1.0289,0.58435,0.63748,0.8973,0.72771,0.65235,0.44367,0.47923
0.57832,0.51483,1.0245,0.57936,0.63238,0.89275,0.72294,0.6474,0.43892,0.47442
0.57357,0.50998,1.0202,0.57441,0.62733,0.88823,0.71821,0.64249,0.43422,0.46965
0.56885,0.50518,1.0158,0.56951,0.62232,0.88373,0.71351,0.63762,0.42957,0.46494
0.56418,0.50042,1.0115,0.56465,0.61734,0.87925,0.70883,0.63279,0.42497,0.46027
0.55954,0.49571,1.0072,0.55983,0.61241,0.87479,0.70419,0.62799,0.42041,0.45565
0.55495,0.49104,1.0029,0.55505,0.60752,0.87036,0.69958,0.62323,0.41591,0.45107
0.55039,0.48642,0.99859,0.55031,0.60266,0.86595,0.695,0.6185,0.41146,0.44654
0.54587,0.48184,0.99433,0.54561,0.59785,0.86157,0.69045,0.61381,0.40705,0.44206
0.54138,0.4773,0.9901,0.54096,0.59307,0.8572,0.68593,0.60916,0.40269,0.43762
0.53693,0.47281,0.98587,0.53634,0.58833,0.85286,0.68144,0.60454,0.39837,0.43323
0.53252,0.46835,0.98167,0.53176,0.58363,0.84854,0.67697,0.59996,0.39411,0.42888
0.52815,0.46394,0.97749,0.52722,0.57897,0.84424,0.67254,0.59541,0.38989,0.42457
0.52381,0.45957,0.97332,0.52272,0.57434,0.83996,0.66814,0.59089,0.38571,0.42031
0.5195,0.45525,0.96917,0.51826,0.56975,0.83571,0.66376,0.58641,0.38158,0.41609
0.51524,0.45096,0.96504,0.51383,0.5652,0.83147,0.65942,0.58197,0.37749,0.41191
0.511,0.44671,0.96092,0.50945,0.56068,0.82726,0.6551,0.57755,0.37345,0.40777
0.5068,0.44251,0.95683,0.5051,0.5562,0.82307,0.65081,0.57317,0.36945,0.40368
0.50264,0.43834,0.95275,0.50079,0.55176,0.8189,0.64655,0.56883,0.36549,0.39962
0.49851,0.43421,0.94869,0.49651,0.54735,0.81475,0.64231,0.56452,0.36157,0.39561
0.49442,0.43012,0.94464,0.49227,0.54298,0.81062,0.63811,0.56024,0.3577,0.39164
0.49035,0.42607,0.94062,0.48807,0.53864,0.80652,0.63393,0.55599,0.35387,0.38771
0.48632,0.42206,0.93661,0.48391,0.53433,0.80243,0.62978,0.55177,0.35008,0.38381
0.48233,0.41808,0.93261,0.47978,0.53006,0.79836,0.62565,0.54759,0.34633,0.37996
0.47837,0.41415,0.92864,0.47568,0.52583,0.79432,0.62156,0.54344,0.34262,0.37614
0.47444,0.41025,0.92468,0.47162,0.52163,0.7903,0.61749,0.53932,0.33895,0.37237
0.47054,0.40638,0.92074,0.46759,0.51746,0.78629,0.61344,0.53523,0.33532,0.36863
0.46667,0.40256,0.91681,0.4636,0.51332,0.78231,0.60943,0.53117,0.33173,0.36493
0.46284,0.39877,0.9129,0.45964,0.50922,0.77834,0.60544,0.52714,0.32817,0.36126
0.45904,0.39501,0.90901,0.45572,0.50515,0.7744,0.60147,0.52314,0.32466,0.35763
0.45526,0.39129,0.90514,0.45183,0.50112,0.77048,0.59753,0.51918,0.32118,0.35404
0.45152,0.38761,0.90128,0.44797,0.49711,0.76657,0.59362,0.51524,0.31774,0.35049
0.44781,0.38395,0.89744,0.44415,0.49314,0.76269,0.58973,0.51133,0.31434,0.34697
0.44414,0.38034,0.89361,0.44036,0.4892,0.75883,0.58587,0.50746,0.31097,0.34348
0.44049,0.37676,0.8898,0.4366,0.48529,0.75498,0.58203,0.50361,0.30764,0.34004
0.43687,0.37321,0.88601,0.43287,0.48141,0.75116,0.57822,0.49979,0.30434,0.33662
0.43328,0.36969,0.88223,0.42918,0.47757,0.74735,0.57444,0.496,0.30108,0.33324
0.42972,0.36621,0.87847,0.42551,0.47375,0.74357,0.57068,0.49224,0.29786,0.32989
0.42619,0.36276,0.87472,0.42188,0.46996,0.7398,0.56694,0.48851,0.29467,0.32658
0.42269,0.35935,0.87099,0.41828,0.46621,0.73605,0.56323,0.4848,0.29151,0.3233
0.41921,0.35596,0.86728,0.41471,0.46248,0.73232,0.55954,0.48113,0.28839,0.32006
0.41577,0.35261,0.86358,0.41117,0.45879,0.72861,0.55587,0.47748,0.2853,0.31684
0.41235,0.34929,0.8599,0.40766,0.45512,0.72492,0.55223,0.47386,0.28224,0.31366
0.40897,0.346,0.85624,0.40418,0.45149,0.72125,0.54862,0.47027,0.27922,0.31051
0.40561,0.34274,0.85259,0.40073,0.44788,0.71759,0.54503,0.4667,0.27623,0.30739
0.40561,0.34274,0.85259,0.40073,0.44788,0.71759,0.54503,0.4667,0.27623,0.30739
0.61519,0.55463,1.0516,0.61183,0.65865,0.91986,0.75169,0.6761,0.48907,0.51968
0.74524,0.6887,1.1649,0.74487,0.79143,1.0381,0.87712,0.80629,0.62438,0.65422
0.82815,0.77542,1.2342,0.83093,0.87757,1.1113,0.95626,0.88982,0.71187,0.74113
0.88227,0.83252,1.2794,0.88787,0.93494,1.159,1.008,0.94495,0.76914,0.79814
0.91817,0.87054,1.3107,0.92616,0.9739,1.1915,1.0428,0.9821,0.80683,0.83582
0.9421,0.89587,1.333,0.95205,1.0006,1.2141,1.0665,1.0074,0.83145,0.86065
0.95786,0.91248,1.3492,0.96942,1.0189,1.2302,1.0828,1.0246,0.84712,0.87666
0.96787,0.92293,1.3609,0.98072,1.0312,1.2414,1.0936,1.036,0.8565,0.88647
0.97371,0.92891,1.3693,0.98759,1.0389,1.249,1.1006,1.0432,0.86137,0.8918
0.97645,0.93157,1.375,0.99114,1.0434,1.2539,1.1045,1.0471,0.86293,0.89383
0.97685,0.93175,1.3785,0.99217,1.0452,1.2565,1.1062,1.0486,0.86204,0.89341
0.97546,0.93002,1.3803,0.99125,1.045,1.2575,1.1061,1.0482,0.8593,0.89113
0.97269,0.92683,1.3808,0.98881,1.0433,1.2571,1.1045,1.0463,0.85518,0.88743
0.96886,0.92252,1.3801,0.9852,1.0403,1.2555,1.1019,1.0433,0.85,0.88266
0.9642,0.91735,1.3785,0.98065,1.0363,1.2531,1.0984,1.0393,0.84402,0.87706
0.9589,0.9115,1.3761,0.97539,1.0315,1.2499,1.0941,1.0345,0.83744,0.87084
0.95311,0.90514,1.3731,0.96955,1.0261,1.2462,1.0894,1.0292,0.83041,0.86414
0.94693,0.89839,1.3696,0.96328,1.0201,1.242,1.0842,1.0235,0.82304,0.85708
0.94047,0.89134,1.3657,0.95667,1.0139,1.2374,1.0786,1.0174,0.81543,0.84975
0.9338,0.88407,1.3615,0.9498,1.0073,1.2325,1.0728,1.011,0.80765,0.84223
0.92696,0.87664,1.357,0.94273,1.0004,1.2274,1.0668,1.0044,0.79975,0.83458
0.92001,0.8691,1.3523,0.93552,0.99343,1.2221,1.0606,0.99767,0.79177,0.82684
0.91298,0.86149,1.3474,0.92821,0.9863,1.2167,1.0543,0.9908,0.78376,0.81904
0.9059,0.85383,1.3424,0.92083,0.97907,1.2111,1.0479,0.98385,0.77573,0.81122
0.8988,0.84615,1.3372,0.91341,0.97178,1.2055,1.0415,0.97685,0.76771,0.80339
0.89168,0.83847,1.332,0.90596,0.96444,1.1998,1.035,0.96981,0.75972,0.79557
0.88457,0.83081,1.3267,0.89851,0.95709,1.194,1.0285,0.96276,0.75177,0.78778
0.87747,0.82317,1.3214,0.89107,0.94972,1.1882,1.022,0.9557,0.74386,0.78003
0.8704,0.81557,1.316,0.88364,0.94236,1.1824,1.0155,0.94864,0.736,0.77232
0.86335,0.808,1.3107,0.87625,0.93502,1.1766,1.009,0.94161,0.72821,0.76467
0.85635,0.80049,1.3053,0.86889,0.9277,1.1708,1.0025,0.93459,0.72048,0.75707
0.84938,0.79302,1.2998,0.86156,0.92041,1.165,0.99602,0.92761,0.71282,0.74953
0.84245,0.78562,1.2944,0.85429,0.91315,1.1592,0.98957,0.92066,0.70523,0.74205
0.83558,0.77826,1.289,0.84705,0.90594,1.1534,0.98315,0.91374,0.69771,0.73464
0.82875,0.77097,1.2836,0.83987,0.89877,1.1476,0.97676,0.90687,0.69026,0.7273
0.82196,0.76374,1.2782,0.83274,0.89164,1.1418,0.97041,0.90003,0.68289,0.72002
0.81523,0.75658,1.2728,0.82567,0.88456,1.1361,0.96409,0.89324,0.67559,0.71281
0.80855,0.74947,1.2674,0.81865,0.87752,1.1304,0.9578,0.8865,0.66837,0.70567
0.80192,0.74243,1.262,0.81168,0.87054,1.1247,0.95155,0.8798,0.66122,0.69859
0.79535,0.73545,1.2567,0.80477,0.86361,1.119,0.94533,0.87315,0.65415,0.69159
0.78882,0.72853,1.2514,0.79791,0.85672,1.1133,0.93916,0.86654,0.64715,0.68465
0.78235,0.72168,1.2461,0.79111,0.84989,1.1077,0.93302,0.85998,0.64022,0.67778
0.77593,0.71489,1.2408,0.78436,0.84311,1.1021,0.92692,0.85347,0.63337,0.67098
0.76955,0.70816,1.2355,0.77768,0.83639,1.0965,0.92085,0.84701,0.62658,0.66425
0.76324,0.7015,1.2302,0.77104,0.82971,1.091,0.91483,0.84059,0.61988,0.65758
0.75697,0.69489,1.225,0.76447,0.82309,1.0855,0.90884,0.83422,0.61324,0.65098
0.75075,0.68835,1.2198,0.75794,0.81652,1.08,0.9029,0.8279,0.60667,0.64445
0.74458,0.68187,1.2146,0.75148,0.81,1.0745,0.89699,0.82163,0.60017,0.63798
0.73847,0.67545,1.2094,0.74506,0.80353,1.0691,0.89111,0.8154,0.59375,0.63157
0.7324,0.66909,1.2043,0.73871,0.79711,1.0637,0.88528,0.80922,0.58739,0.62523
0.72639,0.66279,1.1991,0.7324,0.79074,1.0583,0.87949,0.80309,0.5811,0.61895
0.72042,0.65655,1.194,0.72615,0.78443,1.0529,0.87373,0.797,0.57487,0.61274
0.7145,0.65037,1.1889,0.71995,0.77816,1.0476,0.86801,0.79096,0.56871,0.60659
0.70863,0.64425,1.1839,0.71381,0.77194,1.0423,0.86232,0.78496,0.56262,0.6005
0.70281,0.63818,1.1788,0.70772,0.76578,1.037,0.85668,0.77901,0.5566,0.59447
0.69704,0.63217,1.1738,0.70167,0.75966,1.0317,0.85107,0.7731,0.55063,0.5885
0.69131,0.62622,1.1688,0.69569,0.75359,1.0265,0.8455,0.76724,0.54474,0.58259
0.68563,0.62032,1.1638,0.68975,0.74757,1.0213,0.83996,0.76143,0.5389,0.57674
0.68,0.61448,1.1589,0.68386,0.74159,1.0161,0.83446,0.75565,0.53313,0.57095
0.67441,0.60869,1.1539,0.67802,0.73567,1.011,0.829,0.74992,0.52742,0.56521
0.66887,0.60296,1.149,0.67223,0.72979,1.0059,0.82357,0.74424,0.52177,0.55954
0.66337,0.59728,1.1441,0.6665,0.72396,1.0008,0.81818,0.7386,0.51618,0.55392
0.65792,0.59166,1.1392,0.66081,0.71818,0.9957,0.81282,0.733,0.51065,0.54836
0.65252,0.58608,1.1344,0.65517,0.71244,0.99066,0.8075,0.72744,0.50518,0.54285
0.64716,0.58057,1.1295,0.64957,0.70674,0.98564,0.80221,0.72192,0.49977,0.5374
0.64184,0.5751,1.1247,0.64403,0.7011,0.98065,0.79696,0.71645,0.49442,0.532
0.63657,0.56968,1.1199,0.63853,0.69549,0.97568,0.79174,0.71102,0.48912,0.52666
0.63134,0.56432,1.1151,0.63308,0.68994,0.97074,0.78655,0.70563,0.48388,0.52137
0.62615,0.559,1.1104,0.62768,0.68442,0.96582,0.7814,0.70028,0.4787,0.51614
0.62101,0.55374,1.1057,0.62232,0.67896,0.96093,0.77628,0.69497,0.47357,0.51096
0.6159,0.54852,1.1009,0.61701,0.67353,0.95606,0.7712,0.6897,0.4685,0.50583
0.61084,0.54336,1.0962,0.61174,0.66815,0.95121,0.76615,0.68447,0.46348,0.50075
0.60583,0.53824,1.0916,0.60652,0.66281,0.94639,0.76113,0.67928,0.45852,0.49572
0.60085,0.53317,1.0869,0.60134,0.65751,0.9416,0.75615,0.67413,0.4536,0.49074
0.59591,0.52815,1.0823,0.59621,0.65226,0.93683,0.7512,0.66902,0.44874,0.48581
0.59102,0.52318,1.0777,0.59112,0.64705,0.93208,0.74628,0.66394,0.44394,0.48093
0.58616,0.51825,1.0731,0.58607,0.64188,0.92736,0.74139,0.65891,0.43918,0.47611
0.58134,0.51337,1.0685,0.58107,0.63675,0.92266,0.73654,0.65391,0.43448,0.47132
0.57657,0.50854,1.064,0.57611,0.63166,0.91799,0.73172,0.64895,0.42982,0.46659
0.57183,0.50375,1.0594,0.57119,0.62661,0.91334,0.72692,0.64403,0.42522,0.46191
0.56713,0.499,1.0549,0.56631,0.62161,0.90871,0.72216,0.63915,0.42067,0.45727
0.56247,0.4943,1.0504,0.56148,0.61664,0.90411,0.71744,0.6343,0.41616,0.45268
0.55785,0.48965,1.0459,0.55669,0.61171,0.89953,0.71274,0.62949,0.4117,0.44813
0.55327,0.48504,1.0415,0.55193,0.60682,0.89497,0.70807,0.62472,0.40729,0.44363
0.54872,0.48047,1.037,0.54722,0.60198,0.89044,0.70343,0.61999,0.40293,0.43918
0.54422,0.47595,1.0326,0.54255,0.59717,0.88592,0.69883,0.61528,0.39861,0.43477
0.53974,0.47146,1.0282,0.53792,0.59239,0.88144,0.69425,0.61062,0.39434,0.4304
0.53531,0.46702,1.0238,0.53333,0.58766,0.87697,0.68971,0.60599,0.39012,0.42608
0.53091,0.46263,1.0195,0.52878,0.58296,0.87253,0.68519,0.60139,0.38594,0.4218
0.52655,0.45827,1.0151,0.52426,0.57831,0.86811,0.6807,0.59683,0.38181,0.41757
0.52222,0.45395,1.0108,0.51979,0.57368,0.86371,0.67624,0.59231,0.37772,0.41337
0.51793,0.44968,1.0065,0.51535,0.5691,0.85933,0.67182,0.58782,0.37367,0.40922
0.51368,0.44544,1.0022,0.51095,0.56455,0.85498,0.66742,0.58336,0.36967,0.40511
0.50946,0.44125,0.99791,0.50659,0.56004,0.85065,0.66305,0.57894,0.36571,0.40105
0.50527,0.43709,0.99366,0.50226,0.55557,0.84634,0.65871,0.57455,0.36179,0.39702
0.50112,0.43298,0.98942,0.49798,0.55113,0.84205,0.65439,0.57019,0.35792,0.39303
0.497,0.4289,0.9852,0.49373,0.54672,0.83778,0.65011,0.56587,0.35408,0.38908
0.49292,0.42486,0.981,0.48951,0.54236,0.83354,0.64585,0.56158,0.35029,0.38518
0.48887,0.42086,0.97682,0.48533,0.53802,0.82932,0.64162,0.55732,0.34654,0.38131
0.48485,0.4169,0.97266,0.48119,0.53372,0.82512,0.63742,0.55309,0.34283,0.37748
0.48087,0.41297,0.96851,0.47708,0.52946,0.82094,0.63325,0.5489,0.33915,0.37369
0.47692,0.40908,0.96438,0.47301,0.52523,0.81678,0.6291,0.54474,0.33552,0.36994
0.473,0.40523,0.96027,0.46897,0.52103,0.81264,0.62498,0.54061,0.33193,0.36622
0.46912,0.40141,0.95617,0.46497,0.51687,0.80852,0.62089,0.53651,0.32837,0.36255
0.46526,0.39763,0.9521,0.461,0.51274,0.80443,0.61682,0.53244,0.32485,0.35891
0.46144,0.39389,0.94804,0.45706,0.50864,0.80035,0.61278,0.5284,0.32137,0.3553
0.45765,0.39018,0.944,0.45316,0.50458,0.7963,0.60877,0.5244,0.31793,0.35173
0.45389,0.3865,0.93997,0.44929,0.50054,0.79226,0.60478,0.52042,0.31453,0.3482
0.45016,0.38287,0.93597,0.44546,0.49654,0.78825,0.60082,0.51648,0.31116,0.34471
0.44646,0.37926,0.93198,0.44166,0.49258,0.78425,0.59689,0.51256,0.30782,0.34124
0.44279,0.37569,0.928,0.43789,0.48864,0.78028,0.59298,0.50867,0.30453,0.33782
0.43915,0.37215,0.92405,0.43415,0.48474,0.77633,0.5891,0.50482,0.30126,0.33443
0.43555,0.36865,0.92011,0.43044,0.48086,0.77239,0.58524,0.50099,0.29804,0.33107
0.43197,0.36517,0.91619,0.42677,0.47702,0.76848,0.58141,0.49719,0.29485,0.32774
0.42842,0.36173,0.91228,0.42313,0.47321,0.76459,0.5776,0.49342,0.29169,0.32445
0.4249,0.35833,0.90839,0.41951,0.46943,0.76071,0.57382,0.48968,0.28856,0.32119
0.42141,0.35495,0.90452,0.41593,0.46568,0.75686,0.57006,0.48597,0.28547,0.31797
0.41795,0.35161,0.90066,0.41238,0.46196,0.75303,0.56633,0.48228,0.28241,0.31478
0.41451,0.3483,0.89682,0.40886,0.45826,0.74921,0.56262,0.47862,0.27939,0.31162
0.41451,0.3483,0.89682,0.40886,0.45826,0.74921,0.56262,0.47862,0.27939,0.31162
0.62403,0.56013,1.0957,0.61989,0.66895,0.95131,0.76917,0.68793,0.49219,0.52386
0.754,0.69416,1.2088,0.75286,0.80165,1.0694,0.89448,0.81804,0.62747,0.65835
0.83684,0.78082,1.2778,0.83886,0.88771,1.1425,0.97351,0.90148,0.71493,0.74523
0.89089,0.83787,1.3229,0.89573,0.945,1.19,1.0251,0.95651,0.77217,0.80219
0.92672,0.87584,1.354,0.93395,0.98387,1.2223,1.0598,0.99358,0.80982,0.83984
0.95057,0.90112,1.3761,0.95978,1.0105,1.2448,1.0834,1.0188,0.83441,0.86462
0.96627,0.91768,1.3921,0.97708,1.0287,1.2607,1.0996,1.0359,0.85005,0.8806
0.97621,0.92808,1.4037,0.98831,1.0409,1.2717,1.1103,1.0472,0.8594,0.89036
0.98198,0.93401,1.4118,0.99512,1.0486,1.2792,1.1172,1.0543,0.86424,0.89565
0.98465,0.93663,1.4173,0.99861,1.053,1.2839,1.121,1.0582,0.86577,0.89765
0.98498,0.93675,1.4207,0.99957,1.0547,1.2864,1.1226,1.0596,0.86484,0.89719
0.98353,0.93498,1.4224,0.99859,1.0545,1.2872,1.1223,1.0591,0.86208,0.89487
0.98069,0.93175,1.4226,0.99609,1.0526,1.2867,1.1207,1.0571,0.85792,0.89114
0.97679,0.92739,1.4218,0.99241,1.0496,1.285,1.1179,1.054,0.85271,0.88633
0.97207,0.92217,1.42,0.98781,1.0455,1.2824,1.1143,1.0499,0.84671,0.88069
0.9667,0.91627,1.4174,0.98248,1.0406,1.2791,1.11,1.0451,0.8401,0.87443
0.96085,0.90987,1.4142,0.97658,1.0351,1.2752,1.1051,1.0397,0.83304,0.86769
0.95461,0.90307,1.4106,0.97025,1.0291,1.2708,1.0998,1.0339,0.82564,0.8606
0.94809,0.89598,1.4065,0.96358,1.0228,1.2661,1.0941,1.0277,0.818,0.85324
0.94135,0.88867,1.4021,0.95665,1.0161,1.2611,1.0882,1.0212,0.81019,0.84568
0.93445,0.8812,1.3974,0.94953,1.0092,1.2558,1.0821,1.0146,0.80227,0.83799
0.92744,0.87361,1.3925,0.94226,1.0021,1.2504,1.0758,1.0078,0.79426,0.83022
0.92035,0.86596,1.3875,0.93489,0.99494,1.2448,1.0694,1.0008,0.78622,0.82239
0.91321,0.85826,1.3823,0.92745,0.98764,1.2391,1.063,0.99379,0.77817,0.81453
0.90604,0.85054,1.377,0.91997,0.98028,1.2333,1.0564,0.98671,0.77013,0.80667
0.89887,0.84282,1.3716,0.91247,0.97287,1.2275,1.0498,0.97959,0.76211,0.79882
0.8917,0.83511,1.3662,0.90496,0.96545,1.2216,1.0432,0.97246,0.75413,0.791
0.88454,0.82743,1.3607,0.89746,0.95802,1.2156,1.0366,0.96533,0.74619,0.78321
0.87741,0.81979,1.3551,0.88999,0.95059,1.2097,1.03,0.9582,0.73831,0.77548
0.87031,0.81219,1.3496,0.88254,0.94318,1.2038,1.0234,0.9511,0.73049,0.76779
0.86324,0.80463,1.344,0.87512,0.9358,1.1978,1.0168,0.94401,0.72274,0.76016
0.85622,0.79713,1.3384,0.86774,0.92844,1.1918,1.0103,0.93695,0.71506,0.75259
0.84924,0.78968,1.3328,0.86041,0.92112,1.1859,1.0037,0.92993,0.70744,0.74508
0.8423,0.78229,1.3273,0.85313,0.91384,1.18,0.99722,0.92295,0.6999,0.73764
0.83542,0.77496,1.3217,0.8459,0.90661,1.1741,0.99074,0.916,0.69243,0.73026
0.82858,0.7677,1.3161,0.83872,0.89942,1.1682,0.9843,0.9091,0.68503,0.72295
0.8218,0.76049,1.3106,0.83159,0.89227,1.1623,0.97788,0.90224,0.67771,0.71571
0.81506,0.75335,1.305,0.82452,0.88518,1.1564,0.9715,0.89543,0.67047,0.70854
0.80838,0.74627,1.2995,0.8175,0.87813,1.1506,0.96516,0.88866,0.6633,0.70144
0.80175,0.73925,1.294,0.81054,0.87114,1.1448,0.95886,0.88194,0.6562,0.69441
0.79517,0.7323,1.2885,0.80363,0.8642,1.139,0.95259,0.87527,0.64918,0.68744
0.78865,0.72541,1.283,0.79678,0.85731,1.1333,0.94637,0.86864,0.64223,0.68055
0.78217,0.71859,1.2776,0.78999,0.85047,1.1275,0.94018,0.86207,0.63535,0.67372
0.77575,0.71183,1.2721,0.78325,0.84368,1.1218,0.93403,0.85554,0.62855,0.66696
0.76938,0.70513,1.2667,0.77657,0.83695,1.1161,0.92792,0.84906,0.62182,0.66026
0.76306,0.69849,1.2613,0.76995,0.83027,1.1105,0.92185,0.84263,0.61516,0.65363
0.7568,0.69191,1.256,0.76338,0.82364,1.1049,0.91581,0.83624,0.60857,0.64707
0.75058,0.6854,1.2506,0.75687,0.81706,1.0993,0.90982,0.8299,0.60206,0.64058
0.74441,0.67895,1.2453,0.75041,0.81054,1.0937,0.90387,0.82361,0.59561,0.63415
0.7383,0.67255,1.24,0.744,0.80406,1.0882,0.89795,0.81737,0.58923,0.62778
0.73223,0.66622,1.2347,0.73765,0.79764,1.0827,0.89207,0.81118,0.58292,0.62148
0.72622,0.65995,1.2294,0.73136,0.79127,1.0772,0.88623,0.80503,0.57668,0.61524
0.72025,0.65373,1.2242,0.72512,0.78495,1.0717,0.88043,0.79892,0.5705,0.60906
0.71434,0.64758,1.219,0.71893,0.77868,1.0663,0.87466,0.79287,0.56439,0.60294
0.70847,0.64148,1.2138,0.71279,0.77246,1.0609,0.86894,0.78686,0.55834,0.59689
0.70265,0.63544,1.2086,0.70671,0.76629,1.0555,0.86325,0.78089,0.55236,0.5909
0.69687,0.62946,1.2035,0.70067,0.76016,1.0502,0.85759,0.77497,0.54645,0.58496
0.69115,0.62353,1.1983,0.69469,0.75409,1.0449,0.85198,0.76909,0.54059,0.57909
0.68547,0.61766,1.1932,0.68876,0.74806,1.0396,0.8464,0.76326,0.5348,0.57327
0.67984,0.61184,1.1881,0.68288,0.74209,1.0343,0.84086,0.75748,0.52907,0.56752
0.67425,0.60608,1.1831,0.67706,0.73616,1.0291,0.83535,0.75173,0.52341,0.56182
0.66871,0.60037,1.178,0.67128,0.73028,1.0239,0.82988,0.74603,0.5178,0.55618
0.66322,0.59472,1.173,0.66555,0.72444,1.0187,0.82445,0.74038,0.51225,0.55059
0.65777,0.58912,1.168,0.65986,0.71865,1.0135,0.81905,0.73476,0.50677,0.54507
0.65237,0.58357,1.163,0.65423,0.71291,1.0084,0.81369,0.72919,0.50134,0.53959
0.64701,0.57807,1.1581,0.64865,0.70721,1.0033,0.80836,0.72366,0.49597,0.53417
0.64169,0.57263,1.1531,0.64311,0.70156,0.99818,0.80307,0.71818,0.49066,0.52881
0.63642,0.56724,1.1482,0.63762,0.69596,0.99312,0.79781,0.71273,0.4854,0.5235
0.63119,0.5619,1.1433,0.63218,0.6904,0.98809,0.79258,0.70733,0.4802,0.51824
0.62601,0.5566,1.1385,0.62678,0.68488,0.98308,0.78739,0.70196,0.47506,0.51304
0.62086,0.55136,1.1336,0.62143,0.67941,0.9781,0.78224,0.69664,0.46997,0.50789
0.61576,0.54617,1.1288,0.61613,0.67398,0.97315,0.77711,0.69136,0.46493,0.50279
0.6107,0.54103,1.124,0.61087,0.66859,0.96822,0.77203,0.68612,0.45995,0.49774
0.60569,0.53593,1.1192,0.60565,0.66325,0.96331,0.76697,0.68092,0.45503,0.49274
0.60071,0.53089,1.1144,0.60048,0.65795,0.95843,0.76195,0.67575,0.45015,0.48779
0.59577,0.52589,1.1096,0.59536,0.65269,0.95358,0.75696,0.67063,0.44533,0.4829
0.59088,0.52093,1.1049,0.59027,0.64748,0.94874,0.752,0.66554,0.44056,0.47805
0.58602,0.51603,1.1002,0.58523,0.6423,0.94394,0.74708,0.6605,0.43584,0.47325
0.58121,0.51117,1.0955,0.58024,0.63717,0.93916,0.74219,0.65549,0.43117,0.46849
0.57644,0.50635,1.0908,0.57529,0.63208,0.9344,0.73733,0.65052,0.42656,0.46379
0.5717,0.50159,1.0862,0.57038,0.62703,0.92966,0.7325,0.64559,0.42199,0.45913
0.567,0.49686,1.0816,0.56551,0.62202,0.92495,0.7277,0.64069,0.41747,0.45452
0.56234,0.49218,1.077,0.56068,0.61705,0.92027,0.72294,0.63583,0.41299,0.44996
0.55772,0.48755,1.0724,0.55589,0.61212,0.91561,0.7182,0.63101,0.40857,0.44544
0.55314,0.48296,1.0678,0.55115,0.60723,0.91097,0.7135,0.62623,0.40419,0.44097
0.5486,0.47841,1.0632,0.54644,0.60237,0.90635,0.70883,0.62148,0.39986,0.43654
0.54409,0.4739,1.0587,0.54178,0.59756,0.90176,0.70419,0.61677,0.39558,0.43216
0.53962,0.46944,1.0542,0.53715,0.59279,0.89719,0.69957,0.61209,0.39134,0.42782
0.53519,0.46502,1.0497,0.53257,0.58805,0.89265,0.69499,0.60745,0.38715,0.42352
0.53079,0.46064,1.0452,0.52802,0.58335,0.88812,0.69044,0.60284,0.38301,0.41927
0.52643,0.4563,1.0408,0.52351,0.57869,0.88362,0.68592,0.59827,0.3789,0.41506
0.5221,0.45201,1.0363,0.51905,0.57407,0.87915,0.68143,0.59374,0.37484,0.41089
0.51781,0.44775,1.0319,0.51461,0.56948,0.87469,0.67697,0.58924,0.37083,0.40676
0.51356,0.44353,1.0275,0.51022,0.56493,0.87026,0.67253,0.58477,0.36686,0.40268
0.50934,0.43936,1.0231,0.50587,0.56041,0.86585,0.66813,0.58033,0.36293,0.39864
0.50516,0.43522,1.0188,0.50155,0.55594,0.86147,0.66376,0.57593,0.35904,0.39463
0.50101,0.43112,1.0144,0.49727,0.55149,0.8571,0.65941,0.57157,0.35519,0.39067
0.49689,0.42706,1.0101,0.49302,0.54709,0.85276,0.65509,0.56723,0.35139,0.38675
0.49281,0.42304,1.0058,0.48881,0.54272,0.84844,0.6508,0.56293,0.34762,0.38286
0.48876,0.41905,1.0015,0.48464,0.53838,0.84414,0.64654,0.55866,0.3439,0.37902
0.48474,0.41511,0.99724,0.4805,0.53408,0.83986,0.64231,0.55443,0.34022,0.37521
0.48076,0.4112,0.99299,0.4764,0.52981,0.83561,0.6381,0.55022,0.33657,0.37145
0.47681,0.40733,0.98876,0.47234,0.52558,0.83138,0.63392,0.54605,0.33297,0.36772
0.47289,0.40349,0.98454,0.4683,0.52138,0.82716,0.62977,0.54191,0.3294,0.36402
0.46901,0.39969,0.98034,0.46431,0.51721,0.82297,0.62565,0.5378,0.32587,0.36037
0.46515,0.39593,0.97617,0.46034,0.51308,0.8188,0.62155,0.53373,0.32238,0.35675
0.46133,0.3922,0.972,0.45641,0.50898,0.81466,0.61748,0.52968,0.31893,0.35317
0.45754,0.3885,0.96786,0.45252,0.50491,0.81053,0.61344,0.52566,0.31551,0.34962
0.45378,0.38485,0.96373,0.44865,0.50088,0.80642,0.60942,0.52168,0.31213,0.34611
0.45006,0.38122,0.95963,0.44482,0.49687,0.80234,0.60543,0.51772,0.30879,0.34264
0.44636,0.37763,0.95553,0.44103,0.4929,0.79827,0.60146,0.5138,0.30548,0.3392
0.44269,0.37408,0.95146,0.43726,0.48896,0.79423,0.59753,0.5099,0.30221,0.33579
0.43905,0.37055,0.94741,0.43353,0.48506,0.7902,0.59361,0.50603,0.29897,0.33242
0.43545,0.36706,0.94337,0.42983,0.48118,0.7862,0.58973,0.5022,0.29577,0.32908
0.43187,0.36361,0.93934,0.42616,0.47734,0.78222,0.58586,0.49839,0.2926,0.32578
0.42832,0.36018,0.93534,0.42252,0.47352,0.77825,0.58203,0.49461,0.28947,0.3225
0.4248,0.35679,0.93135,0.41891,0.46974,0.77431,0.57822,0.49086,0.28637,0.31927
0.42131,0.35343,0.92738,0.41534,0.46599,0.77039,0.57443,0.48714,0.2833,0.31606
0.41785,0.3501,0.92343,0.41179,0.46226,0.76649,0.57067,0.48344,0.28027,0.31289
0.41785,0.3501,0.92343,0.41179,0.46226,0.76649,0.57067,0.48344,0.28027,0.31289
0.62734,0.56192,1.1222,0.6228,0.67291,0.9685,0.77717,0.69272,0.49306,0.52512
0.75728,0.69592,1.2352,0.75575,0.80559,1.0865,0.90243,0.82278,0.62833,0.6596
0.8401,0.78257,1.3041,0.84171,0.89162,1.1595,0.98141,0.90619,0.71578,0.74646
0.89412,0.83961,1.3491,0.89856,0.94887,1.2069,1.033,0.96119,0.77301,0.80342
0.92992,0.87756,1.38,0.93676,0.98772,1.2391,1.0676,0.99822,0.81065,0.84105
0.95375,0.90282,1.402,0.96256,1.0143,1.2616,1.0912,1.0234,0.83523,0.86582
0.96942,0.91937,1.4179,0.97984,1.0325,1.2773,1.1073,1.0405,0.85086,0.88178
0.97934,0.92975,1.4294,0.99105,1.0446,1.2883,1.118,1.0518,0.8602,0.89153
0.98508,0.93567,1.4374,0.99783,1.0523,1.2957,1.1247,1.0588,0.86503,0.89681
0.98772,0.93827,1.4428,1.0013,1.0567,1.3003,1.1285,1.0626,0.86655,0.8988
0.98803,0.93838,1.4461,1.0022,1.0584,1.3028,1.1301,1.064,0.86562,0.89832
0.98655,0.93659,1.4476,1.0012,1.0581,1.3035,1.1298,1.0635,0.86285,0.89599
0.98369,0.93334,1.4478,0.99871,1.0562,1.3028,1.1281,1.0615,0.85869,0.89225
0.97977,0.92897,1.4468,0.99501,1.0531,1.301,1.1253,1.0583,0.85347,0.88743
0.97502,0.92373,1.4449,0.99038,1.049,1.2984,1.1216,1.0542,0.84745,0.88179
0.96963,0.91782,1.4422,0.98503,1.0441,1.295,1.1172,1.0494,0.84084,0.87551
0.96375,0.9114,1.439,0.97912,1.0386,1.291,1.1123,1.044,0.83377,0.86876
0.95749,0.90459,1.4352,0.97276,1.0326,1.2866,1.1069,1.0381,0.82637,0.86166
0.95094,0.89748,1.431,0.96607,1.0262,1.2818,1.1012,1.0319,0.81872,0.85428
0.94418,0.89016,1.4265,0.95912,1.0195,1.2767,1.0953,1.0254,0.8109,0.84672
0.93726,0.88267,1.4217,0.95197,1.0126,1.2713,1.0891,1.0187,0.80296,0.83902
0.93022,0.87508,1.4167,0.94469,1.0055,1.2658,1.0828,1.0118,0.79496,0.83124
0.92311,0.86741,1.4116,0.9373,0.99826,1.2602,1.0764,1.0049,0.78691,0.82339
0.91595,0.85969,1.4063,0.92984,0.99094,1.2544,1.0698,0.9978,0.77885,0.81553
0.90876,0.85196,1.4009,0.92234,0.98355,1.2485,1.0633,0.99069,0.7708,0.80766
0.90156,0.84423,1.3954,0.91481,0.97612,1.2426,1.0566,0.98355,0.76277,0.7998
0.89437,0.83651,1.3899,0.90729,0.96867,1.2366,1.05,0.97639,0.75478,0.79197
0.88719,0.82882,1.3843,0.89977,0.96121,1.2306,1.0433,0.96923,0.74684,0.78417
0.88004,0.82116,1.3786,0.89227,0.95376,1.2246,1.0367,0.96207,0.73896,0.77642
0.87291,0.81354,1.373,0.8848,0.94633,1.2186,1.03,0.95493,0.73113,0.76873
0.86583,0.80598,1.3673,0.87737,0.93892,1.2126,1.0234,0.94782,0.72337,0.76109
0.85878,0.79846,1.3616,0.86997,0.93154,1.2065,1.0168,0.94073,0.71568,0.75351
0.85178,0.791,1.3559,0.86262,0.92419,1.2005,1.0102,0.93368,0.70805,0.74599
0.84483,0.7836,1.3503,0.85532,0.91689,1.1945,1.0037,0.92667,0.70051,0.73854
0.83792,0.77626,1.3446,0.84807,0.90963,1.1885,0.99714,0.91969,0.69303,0.73115
0.83106,0.76898,1.3389,0.84087,0.90241,1.1826,0.99065,0.91276,0.68563,0.72384
0.82426,0.76176,1.3333,0.83372,0.89524,1.1766,0.9842,0.90588,0.6783,0.71659
0.8175,0.75461,1.3276,0.82663,0.88813,1.1707,0.97778,0.89904,0.67105,0.70941
0.8108,0.74752,1.322,0.8196,0.88106,1.1648,0.97139,0.89224,0.66387,0.7023
0.80415,0.74049,1.3164,0.81262,0.87404,1.1589,0.96505,0.8855,0.65677,0.69526
0.79755,0.73352,1.3108,0.80569,0.86708,1.153,0.95874,0.8788,0.64974,0.68828
0.79101,0.72662,1.3053,0.79883,0.86016,1.1472,0.95248,0.87215,0.64279,0.68138
0.78451,0.71979,1.2997,0.79202,0.8533,1.1414,0.94625,0.86554,0.6359,0.67454
0.77807,0.71301,1.2942,0.78526,0.84649,1.1356,0.94006,0.85899,0.6291,0.66777
0.77168,0.7063,1.2887,0.77857,0.83974,1.1299,0.93391,0.85248,0.62236,0.66107
0.76535,0.69966,1.2832,0.77192,0.83303,1.1242,0.9278,0.84602,0.6157,0.65443
0.75906,0.69307,1.2777,0.76534,0.82638,1.1185,0.92173,0.83961,0.6091,0.64786
0.75283,0.68654,1.2723,0.75881,0.81978,1.1128,0.91569,0.83325,0.60258,0.64136
0.74664,0.68008,1.2669,0.75233,0.81324,1.1072,0.9097,0.82693,0.59613,0.63492
0.74051,0.67368,1.2615,0.74591,0.80674,1.1016,0.90375,0.82067,0.58974,0.62855
0.73443,0.66733,1.2561,0.73955,0.8003,1.096,0.89783,0.81444,0.58343,0.62224
0.72839,0.66105,1.2508,0.73324,0.7939,1.0905,0.89195,0.80827,0.57718,0.61599
0.72241,0.65483,1.2454,0.72698,0.78756,1.0849,0.88611,0.80214,0.57099,0.6098
0.71647,0.64866,1.2401,0.72077,0.78127,1.0794,0.88031,0.79606,0.56488,0.60368
0.71059,0.64255,1.2348,0.71462,0.77503,1.074,0.87455,0.79003,0.55883,0.59762
0.70475,0.6365,1.2296,0.70852,0.76884,1.0685,0.86882,0.78404,0.55284,0.59162
0.69896,0.63051,1.2243,0.70247,0.76269,1.0631,0.86313,0.77809,0.54692,0.58568
0.69322,0.62457,1.2191,0.69648,0.7566,1.0577,0.85748,0.77219,0.54106,0.5798
0.68752,0.61869,1.2139,0.69053,0.75055,1.0524,0.85186,0.76634,0.53527,0.57398
0.68187,0.61286,1.2087,0.68464,0.74456,1.047,0.84629,0.76053,0.52953,0.56821
0.67627,0.60709,1.2036,0.67879,0.73861,1.0417,0.84075,0.75476,0.52386,0.56251
0.67072,0.60137,1.1985,0.673,0.73271,1.0365,0.83524,0.74904,0.51825,0.55686
0.66521,0.59571,1.1933,0.66725,0.72685,1.0312,0.82977,0.74336,0.5127,0.55127
0.65974,0.5901,1.1883,0.66156,0.72104,1.026,0.82434,0.73772,0.50721,0.54573
0.65432,0.58454,1.1832,0.65591,0.71528,1.0208,0.81894,0.73213,0.50177,0.54025
0.64894,0.57904,1.1781,0.65031,0.70957,1.0156,0.81358,0.72658,0.4964,0.53483
0.64361,0.57359,1.1731,0.64476,0.7039,1.0105,0.80825,0.72107,0.49108,0.52946
0.63832,0.56818,1.1681,0.63926,0.69827,1.0054,0.80296,0.7156,0.48582,0.52414
0.63308,0.56283,1.1631,0.6338,0.69269,1.0003,0.7977,0.71018,0.48062,0.51888
0.62788,0.55753,1.1582,0.62839,0.68716,0.99519,0.79248,0.70479,0.47547,0.51367
0.62272,0.55228,1.1533,0.62303,0.68167,0.99015,0.78729,0.69945,0.47038,0.50851
0.6176,0.54708,1.1483,0.61771,0.67622,0.98513,0.78213,0.69415,0.46534,0.5034
0.61253,0.54193,1.1434,0.61243,0.67082,0.98014,0.77701,0.68888,0.46035,0.49835
0.6075,0.53683,1.1386,0.60721,0.66546,0.97517,0.77192,0.68366,0.45542,0.49334
0.60251,0.53177,1.1337,0.60202,0.66014,0.97023,0.76687,0.67848,0.45054,0.48839
0.59756,0.52676,1.1289,0.59688,0.65487,0.96532,0.76184,0.67333,0.44572,0.48349
0.59265,0.5218,1.1241,0.59179,0.64963,0.96043,0.75686,0.66823,0.44094,0.47863
0.58778,0.51689,1.1193,0.58674,0.64444,0.95556,0.7519,0.66316,0.43622,0.47382
0.58295,0.51202,1.1145,0.58173,0.63929,0.95072,0.74698,0.65813,0.43155,0.46907
0.57816,0.5072,1.1097,0.57676,0.63418,0.9459,0.74209,0.65314,0.42693,0.46436
0.57341,0.50242,1.105,0.57184,0.62912,0.94111,0.73723,0.64819,0.42235,0.45969
0.5687,0.49769,1.1003,0.56696,0.62409,0.93634,0.7324,0.64327,0.41783,0.45508
0.56403,0.493,1.0956,0.56212,0.6191,0.9316,0.7276,0.6384,0.41335,0.45051
0.55939,0.48836,1.0909,0.55732,0.61416,0.92688,0.72284,0.63356,0.40893,0.44598
0.5548,0.48376,1.0863,0.55256,0.60925,0.92219,0.7181,0.62875,0.40455,0.44151
0.55024,0.47921,1.0817,0.54785,0.60438,0.91751,0.7134,0.62399,0.40021,0.43707
0.54572,0.47469,1.0771,0.54317,0.59955,0.91287,0.70873,0.61925,0.39592,0.43268
0.54123,0.47022,1.0725,0.53853,0.59476,0.90824,0.70409,0.61456,0.39168,0.42834
0.53679,0.4658,1.0679,0.53393,0.59001,0.90364,0.69948,0.6099,0.38749,0.42404
0.53238,0.46141,1.0633,0.52938,0.58529,0.89906,0.6949,0.60527,0.38334,0.41978
0.528,0.45706,1.0588,0.52486,0.58062,0.89451,0.69035,0.60069,0.37923,0.41557
0.52367,0.45276,1.0543,0.52038,0.57598,0.88997,0.68583,0.59613,0.37517,0.41139
0.51936,0.4485,1.0498,0.51594,0.57137,0.88547,0.68134,0.59161,0.37115,0.40726
0.5151,0.44427,1.0453,0.51153,0.56681,0.88098,0.67688,0.58712,0.36718,0.40317
0.51086,0.44009,1.0409,0.50716,0.56228,0.87652,0.67244,0.58267,0.36324,0.39912
0.50667,0.43594,1.0364,0.50284,0.55779,0.87208,0.66804,0.57826,0.35935,0.39512
0.5025,0.43184,1.032,0.49854,0.55333,0.86766,0.66367,0.57387,0.3555,0.39115
0.49838,0.42777,1.0276,0.49429,0.54891,0.86326,0.65932,0.56952,0.35169,0.38722
0.49428,0.42374,1.0232,0.49007,0.54452,0.85889,0.655,0.5652,0.34793,0.38333
0.49022,0.41975,1.0189,0.48588,0.54017,0.85454,0.65071,0.56092,0.3442,0.37948
0.48619,0.4158,1.0145,0.48174,0.53585,0.85021,0.64645,0.55666,0.34051,0.37567
0.4822,0.41189,1.0102,0.47762,0.53157,0.8459,0.64222,0.55244,0.33687,0.3719
0.47824,0.40801,1.0059,0.47355,0.52733,0.84161,0.63801,0.54825,0.33326,0.36817
0.47431,0.40416,1.0016,0.46951,0.52311,0.83735,0.63384,0.5441,0.32969,0.36447
0.47041,0.40036,0.99733,0.4655,0.51893,0.83311,0.62969,0.53997,0.32616,0.36081
0.46655,0.39659,0.99308,0.46152,0.51479,0.82889,0.62556,0.53588,0.32266,0.35719
0.46271,0.39285,0.98885,0.45758,0.51067,0.82469,0.62147,0.53181,0.31921,0.3536
0.45891,0.38915,0.98463,0.45368,0.50659,0.82051,0.6174,0.52778,0.31579,0.35005
0.45514,0.38549,0.98044,0.44981,0.50254,0.81635,0.61335,0.52378,0.3124,0.34653
0.4514,0.38186,0.97626,0.44597,0.49853,0.81222,0.60934,0.51981,0.30906,0.34305
0.44769,0.37826,0.97209,0.44216,0.49454,0.8081,0.60535,0.51587,0.30575,0.33961
0.44401,0.3747,0.96795,0.43838,0.49059,0.80401,0.60138,0.51196,0.30247,0.3362
0.44037,0.37117,0.96382,0.43464,0.48667,0.79994,0.59745,0.50807,0.29923,0.33282
0.43675,0.36768,0.95971,0.43093,0.48278,0.79588,0.59353,0.50422,0.29603,0.32948
0.43316,0.36421,0.95562,0.42725,0.47893,0.79185,0.58965,0.5004,0.29286,0.32617
0.4296,0.36078,0.95155,0.42361,0.4751,0.78784,0.58579,0.4966,0.28972,0.3229
0.42607,0.35739,0.94749,0.41999,0.4713,0.78385,0.58195,0.49284,0.28662,0.31966
0.42257,0.35402,0.94345,0.4164,0.46754,0.77988,0.57814,0.4891,0.28355,0.31645
0.4191,0.35069,0.93943,0.41285,0.4638,0.77593,0.57435,0.48539,0.28051,0.31327
